-- phpMyAdmin SQL Dump
-- version 5.2.3
-- https://www.phpmyadmin.net/
--
-- Host: localhost:3306
-- Generation Time: May 07, 2026 at 01:40 PM
-- Server version: 10.11.14-MariaDB-0+deb12u2-log
-- PHP Version: 8.4.19

SET SQL_MODE = "NO_AUTO_VALUE_ON_ZERO";
START TRANSACTION;
SET time_zone = "+00:00";


/*!40101 SET @OLD_CHARACTER_SET_CLIENT=@@CHARACTER_SET_CLIENT */;
/*!40101 SET @OLD_CHARACTER_SET_RESULTS=@@CHARACTER_SET_RESULTS */;
/*!40101 SET @OLD_COLLATION_CONNECTION=@@COLLATION_CONNECTION */;
/*!40101 SET NAMES utf8mb4 */;

--
-- Database: `enterpr_porsystem`
--

-- --------------------------------------------------------

--
-- Table structure for table `attendance`
--

CREATE TABLE `attendance` (
  `id` int(11) NOT NULL,
  `fullname` varchar(100) NOT NULL,
  `position` varchar(50) DEFAULT NULL,
  `type` enum('IN','OUT') NOT NULL,
  `photo_path` varchar(255) DEFAULT NULL,
  `created_at` timestamp NULL DEFAULT current_timestamp()
) ENGINE=InnoDB DEFAULT CHARSET=utf8mb3 COLLATE=utf8mb3_general_ci;

--
-- Dumping data for table `attendance`
--

INSERT INTO `attendance` (`id`, `fullname`, `position`, `type`, `photo_path`, `created_at`) VALUES
(1, 'จารึก  เนตยกุล', 'พนักงานราชการ', 'IN', 'uploads/20260407_112749_69d487c508cb9.jpg', '2026-04-07 00:27:49'),
(2, 'ำกหดฟหกด', 'ข้าราชการ', 'IN', 'uploads/20260407_113814_69d48a36ae8fc.jpg', '2026-04-07 04:38:14'),
(3, 'สุภาภรณ์ สานอก', 'พนักงานราชการ', 'IN', 'uploads/20260407_120600_69d490b87c2ad.jpg', '2026-04-07 05:06:00'),
(4, 'สุภาภรณ์ สานอก', 'พนักงานราชการ', 'IN', 'uploads/20260407_120631_69d490d70f5c8.jpg', '2026-04-07 05:06:31'),
(5, 'สุภาภรณ์ สานอก', 'พนักงานราชการ', 'IN', 'uploads/20260407_120831_69d4914f09131.jpg', '2026-04-07 05:08:31'),
(6, 'jaruk', 'จ้างเหมาบริการ', 'IN', 'uploads/20260407_120841_69d49159a5711.jpg', '2026-04-07 05:08:41'),
(7, 'กาญจนา ป่ณคำ', 'พนักงานราชการ', 'IN', 'uploads/20260407_121155_69d4921b3c2a4.jpg', '2026-04-07 05:11:55'),
(8, 'กาญจนา ป่ณคำ', 'พนักงานราชการ', 'OUT', 'uploads/20260407_121437_69d492bddea72.jpg', '2026-04-07 05:14:37'),
(9, 'กาญจนา ปาณคำ', 'พนักงานราชการ', 'IN', 'uploads/20260407_121553_69d49309c69a9.jpg', '2026-04-07 05:15:53'),
(10, 'รุ่งทิพย์ คงตระกูล', 'จ้างเหมาบริการ', 'IN', 'uploads/20260407_122435_69d49513942b7.jpg', '2026-04-07 05:24:35'),
(11, 'สิริรัตน์ เสริฐพรรนึก', 'ข้าราชการ', 'IN', 'uploads/20260407_134624_69d4a840870f3.jpg', '2026-04-07 06:46:24'),
(12, 'นิภารัตน์  คีรีธาร', 'พนักงานราชการ', 'IN', 'uploads/20260407_134645_69d4a855a1274.jpg', '2026-04-07 06:46:45'),
(13, 'น.ส.ณัทณลันย์  แสนโสม', 'พนักงานราชการ', 'IN', 'uploads/20260407_142535_69d4b16fb3bb7.jpg', '2026-04-07 07:25:35'),
(14, 'กมลพร อินตา', 'พนักงานราชการ', 'IN', 'uploads/20260407_145808_69d4b91044ec1.jpg', '2026-04-07 07:58:08'),
(15, 'หัสชัย สินภักดี', 'พนักงานราชการ', 'IN', 'uploads/20260407_151036_69d4bbfc71461.jpg', '2026-04-07 08:10:36'),
(16, 'ชมภูนุช', 'ข้าราชการ', 'IN', 'uploads/20260407_151214_69d4bc5ed2dde.jpg', '2026-04-07 08:12:14'),
(17, 'นนรนยรนยรรนร', 'จ้างเหมาบริการ', 'IN', 'uploads/20260407_151224_69d4bc68c09de.jpg', '2026-04-07 08:12:24'),
(18, 'สิริลักษณ์ ชูกาญจนพิทักษ์', 'ข้าราชการ', 'IN', 'uploads/20260407_151449_69d4bcf99e242.jpg', '2026-04-07 08:14:49'),
(19, 'กฤษชัย   ใจกล้า', 'ข้าราชการ', 'IN', 'uploads/20260407_151459_69d4bd03861e7.jpg', '2026-04-07 08:14:59'),
(20, 'ดวงมาลย์ รอดทอง', 'ข้าราชการ', 'IN', 'uploads/20260407_151520_69d4bd18f27c3.jpg', '2026-04-07 08:15:20'),
(21, 'นายกิตติศักดิ์  สถดาทิพย์', 'ข้าราชการ', 'IN', 'uploads/20260407_151534_69d4bd269cd7e.jpg', '2026-04-07 08:15:34'),
(22, 'กสดสดา', 'จ้างเหมาบริการ', 'IN', 'uploads/20260407_151538_69d4bd2a7ff08.jpg', '2026-04-07 08:15:38'),
(23, 'พลังพล ชื่นชอบ', 'จ้างเหมาบริการ', 'IN', 'uploads/20260407_151547_69d4bd3362393.jpg', '2026-04-07 08:15:47'),
(24, 'ขวัญทอง บัวงาม', 'จ้างเหมาบริการ', 'IN', 'uploads/20260407_151551_69d4bd37c1b14.jpg', '2026-04-07 08:15:51'),
(25, 'อนุธิดา สุระโคตร', 'พนักงานราชการ', 'IN', 'uploads/20260407_151600_69d4bd403e1ae.jpg', '2026-04-07 08:16:00'),
(26, 'ธนวัฒน์ กันทะถ้ำ', 'ข้าราชการ', 'IN', 'uploads/20260407_151624_69d4bd585aafe.jpg', '2026-04-07 08:16:24'),
(27, 'นายกิตติศักดิ์  สถดาทิพย์', 'ข้าราชการ', 'OUT', 'uploads/20260407_151759_69d4bdb732436.jpg', '2026-04-07 08:17:59'),
(28, 'กมลพร อินตา', 'พนักงานราชการ', 'OUT', 'uploads/20260407_151806_69d4bdbe149c5.jpg', '2026-04-07 08:18:06'),
(29, 'ขวัญทอง บัวงาม', 'จ้างเหมาบริการ', 'OUT', 'uploads/20260407_151816_69d4bdc81f83b.jpg', '2026-04-07 08:18:16'),
(30, 'สุภาพร ไตรเวช', 'จ้างเหมาบริการ', 'IN', 'uploads/20260407_151833_69d4bdd9743ed.jpg', '2026-04-07 08:18:33'),
(31, 'รัชดาพร บัวงาม', 'พนักงานราชการ', 'IN', 'uploads/20260407_151853_69d4bded3d101.jpg', '2026-04-07 08:18:53'),
(32, 'ณพัสรา มารยาท', 'จ้างเหมาบริการ', 'IN', 'uploads/20260407_151859_69d4bdf3eda06.jpg', '2026-04-07 08:18:59'),
(33, 'กฤษชัย  ใจกล้า', 'ข้าราชการ', 'OUT', 'uploads/20260407_151900_69d4bdf4c837e.jpg', '2026-04-07 08:19:00'),
(34, 'สำเริง   มาก็บริบูรณ์', 'จ้างเหมาบริการ', 'IN', 'uploads/20260407_152117_69d4be7dc28ad.jpg', '2026-04-07 08:21:17'),
(35, 'ชัยยศ  จันทร์เฑียร', 'จ้างเหมาบริการ', 'IN', 'uploads/20260407_152151_69d4be9feb183.jpg', '2026-04-07 08:21:51'),
(36, 'ป๋อง', 'จ้างเหมาบริการ', 'IN', 'uploads/20260408_153442_69d61322c9da2.jpg', '2026-04-08 08:34:42'),
(37, 'ป๋อง', 'จ้างเหมาบริการ', 'OUT', 'uploads/20260408_153539_69d6135bcfcee.jpg', '2026-04-08 08:35:39'),
(38, 'นายขวัญทอง  บัวงาม', 'จ้างเหมาบริการ', 'IN', 'uploads/20260416_062238_69e01dbef000d.jpg', '2026-04-15 23:22:38'),
(39, 'นางมิคสิรมาศ  เมิดจันทึก', 'ข้าราชการ', 'IN', 'uploads/20260416_063713_69e02129e61c4.jpg', '2026-04-15 23:37:13'),
(40, 'อนุธิดา สุระโคตร', 'พนักงานราชการ', 'IN', 'uploads/20260416_070228_69e027149e1b1.jpg', '2026-04-16 00:02:28'),
(41, 'นายกฤษชัย ใจกล้า', 'ข้าราชการ', 'IN', 'uploads/20260416_070840_69e0288825a6e.jpg', '2026-04-16 00:08:40'),
(42, 'นัชช แนวบุตร', 'จ้างเหมาบริการ', 'IN', 'uploads/20260416_071141_69e0293d2e495.jpg', '2026-04-16 00:11:41'),
(43, 'ณพัสรา มารยาท', 'จ้างเหมาบริการ', 'IN', 'uploads/20260416_071645_69e02a6d008c7.jpg', '2026-04-16 00:16:45'),
(44, 'รุ่งทิพย์ คงตระกูล', 'จ้างเหมาบริการ', 'IN', 'uploads/20260416_072016_69e02b40d55ee.jpg', '2026-04-16 00:20:16'),
(45, 'นายวีระะชาติ แวดไธสง', 'พนักงานราชการ', 'IN', 'uploads/20260416_072123_69e02b8309355.jpg', '2026-04-16 00:21:23'),
(46, 'นายอัตพล แต้มเติม', 'จ้างเหมาบริการ', 'IN', 'uploads/20260416_072430_69e02c3edcb71.jpg', '2026-04-16 00:24:30'),
(47, 'หัสดี  อินทร', 'จ้างเหมาบริการ', 'IN', 'uploads/20260416_072741_69e02cfdb12d0.jpg', '2026-04-16 00:27:41'),
(48, 'พลังพล ชื่นชอบ', 'จ้างเหมาบริการ', 'IN', 'uploads/20260416_072747_69e02d033f873.jpg', '2026-04-16 00:27:47'),
(49, 'นางสาวสุภาภรณ์ สานอก', 'พนักงานราชการ', 'IN', 'uploads/20260416_074025_69e02ff9cc078.jpg', '2026-04-16 00:40:25'),
(50, 'นายหัสชัย สินภักดี', 'พนักงานราชการ', 'IN', 'uploads/20260416_074028_69e02ffce5228.jpg', '2026-04-16 00:40:28'),
(51, 'จักรกรินทร์ มัทธะปานัง', 'จ้างเหมาบริการ', 'IN', 'uploads/20260416_074135_69e0303f4561b.jpg', '2026-04-16 00:41:35'),
(52, 'ดวงมาลย์ รอดทอง', 'ข้าราชการ', 'IN', 'uploads/20260416_075125_69e0328d3633b.jpg', '2026-04-16 00:51:25'),
(53, 'พงษ์ศักดิ์  แป้งนวล', 'จ้างเหมาบริการ', 'IN', 'uploads/20260416_075250_69e032e2c7d8d.jpg', '2026-04-16 00:52:50'),
(54, 'ดวงมาลย์ รอดทอง', 'ข้าราชการ', 'IN', 'uploads/20260416_075300_69e032ecebc61.jpg', '2026-04-16 00:53:00'),
(55, 'นายกิตติศักดิ์  สุดาทิพย์', 'ข้าราชการ', 'IN', 'uploads/20260416_075411_69e033337c856.jpg', '2026-04-16 00:54:11'),
(56, 'ดวงมาลย์ รอดทอง', 'ข้าราชการ', 'IN', 'uploads/20260416_075550_69e03396f3d40.jpg', '2026-04-16 00:55:50'),
(57, 'กาญจนา ปาณคำ', 'พนักงานราชการ', 'IN', 'uploads/20260416_075831_69e034371b7f9.jpg', '2026-04-16 00:58:31'),
(58, 'พงศ์สวัสดิ์ จ่างจิตต์', 'ข้าราชการ', 'IN', 'uploads/20260416_080147_69e034fbe4116.jpg', '2026-04-16 01:01:47'),
(59, 'จารึก  เนตยกุล', 'พนักงานราชการ', 'IN', 'uploads/20260416_080256_69e035405ef52.jpg', '2026-04-16 01:02:56'),
(60, 'นางสาวชมภูนุช  รัตนา', 'ข้าราชการ', 'IN', 'uploads/20260416_081238_69e03786f1099.jpg', '2026-04-16 01:12:38'),
(61, 'สุภาพร ไตรเวช', 'จ้างเหมาบริการ', 'IN', 'uploads/20260416_081618_69e03862dba03.jpg', '2026-04-16 01:16:18'),
(62, 'นางปราณี  ดวงเงิน', 'จ้างเหมาบริการ', 'IN', 'uploads/20260416_081947_69e03933c0cbb.jpg', '2026-04-16 01:19:47'),
(63, 'มยุรี อดุลย์เดช', 'พนักงานราชการ', 'IN', 'uploads/20260416_082257_69e039f173ad0.jpg', '2026-04-16 01:22:57'),
(64, 'shogo inoue', 'อาสาสมัครญี่ปุ่น', 'IN', 'uploads/20260416_082416_69e03a40770aa.jpg', '2026-04-16 01:24:16'),
(65, 'ธนวัฒน์ กันทะถ้ำ', 'ข้าราชการ', 'IN', 'uploads/20260416_082757_69e03b1d0e0bc.jpg', '2026-04-16 01:27:57'),
(66, 'นายหัสชัย สินภักดี', 'พนักงานราชการ', 'OUT', 'uploads/20260416_163243_69e0acbb3174e.jpg', '2026-04-16 09:32:43'),
(67, 'พงษ์ศักดิ์  แป้งนวล', 'จ้างเหมาบริการ', 'OUT', 'uploads/20260416_163318_69e0acdef3950.jpg', '2026-04-16 09:33:18'),
(68, 'พลังพล ชื่นชอบ', 'จ้างเหมาบริการ', 'OUT', 'uploads/20260416_163406_69e0ad0ec3d5f.jpg', '2026-04-16 09:34:06'),
(69, 'ดวงมาลย์ รอดทอง', 'ข้าราชการ', 'OUT', 'uploads/20260416_163447_69e0ad37eba8a.jpg', '2026-04-16 09:34:47'),
(70, 'อนุธิดา สุระโคตร', 'พนักงานราชการ', 'OUT', 'uploads/20260416_163450_69e0ad3aef09d.jpg', '2026-04-16 09:34:50'),
(71, 'นายกิตติศักดิ์  สุดาทิพย์', 'ข้าราชการ', 'OUT', 'uploads/20260416_163519_69e0ad5798960.jpg', '2026-04-16 09:35:19'),
(72, 'นายอัตพล แต้มเติม', 'จ้างเหมาบริการ', 'OUT', 'uploads/20260416_163756_69e0adf47f177.jpg', '2026-04-16 09:37:56'),
(73, 'หัสดี  อินทร', 'จ้างเหมาบริการ', 'OUT', 'uploads/20260416_163912_69e0ae4081c72.jpg', '2026-04-16 09:39:12'),
(74, 'shogo inoue', 'อาสาสมัครญี่ปุ่น', 'OUT', 'uploads/20260416_163921_69e0ae49601c3.jpg', '2026-04-16 09:39:21'),
(75, 'กาญจนา ปาณคำ', 'พนักงานราชการ', 'OUT', 'uploads/20260416_164118_69e0aebee0cea.jpg', '2026-04-16 09:41:18'),
(76, 'นัชช แนวบุตร', 'จ้างเหมาบริการ', 'OUT', 'uploads/20260416_164242_69e0af12425ab.jpg', '2026-04-16 09:42:42'),
(77, 'ณพัสรา มารยาท', 'จ้างเหมาบริการ', 'OUT', 'uploads/20260416_164810_69e0b05a7cdd6.jpg', '2026-04-16 09:48:10'),
(78, 'นางสาวชมภูนุช  รัตนา', 'ข้าราชการ', 'OUT', 'uploads/20260416_164910_69e0b096502c1.jpg', '2026-04-16 09:49:10'),
(79, 'รุ่งทิพย์ คงตระกูล', 'จ้างเหมาบริการ', 'OUT', 'uploads/20260416_165910_69e0b2ee18757.jpg', '2026-04-16 09:59:10'),
(80, 'นางมิคสิรมาศ  เมิดจันทึก', 'ข้าราชการ', 'OUT', 'uploads/20260416_170025_69e0b3399ae8d.jpg', '2026-04-16 10:00:25'),
(81, 'นายวีระะชาติ แวดไธสง', 'พนักงานราชการ', 'OUT', 'uploads/20260416_170612_69e0b4947fdbc.jpg', '2026-04-16 10:06:12'),
(82, 'นางปราณี  ดวงเงิน', 'จ้างเหมาบริการ', 'OUT', 'uploads/20260416_171032_69e0b59896b17.jpg', '2026-04-16 10:10:32'),
(83, 'สุภาพร ไตรเวช', 'จ้างเหมาบริการ', 'OUT', 'uploads/20260416_171329_69e0b6497ce67.jpg', '2026-04-16 10:13:29'),
(84, 'มยุรี อดุลย์เดช', 'พนักงานราชการ', 'OUT', 'uploads/20260416_171506_69e0b6aaa9057.jpg', '2026-04-16 10:15:06'),
(85, 'จารึก เนตยกุล', 'พนักงานราชการ', 'OUT', 'uploads/20260416_172053_69e0b8057ce00.jpg', '2026-04-16 10:20:53'),
(86, 'ธนวัฒน์ กันทะถ้ำ', 'ข้าราชการ', 'OUT', 'uploads/20260416_172211_69e0b853a4b6f.jpg', '2026-04-16 10:22:11'),
(87, 'ขวัญทอง  บัวงาม', 'จ้างเหมาบริการ', 'OUT', 'uploads/20260416_172440_69e0b8e8dd37d.jpg', '2026-04-16 10:24:40'),
(88, 'นายกฤษชัย ใจกล้า', 'ข้าราชการ', 'OUT', 'uploads/20260416_180904_69e0c3502c8b4.jpg', '2026-04-16 11:09:04'),
(89, 'จักรกรินทร์ มัทธะปานัง', 'จ้างเหมาบริการ', 'OUT', 'uploads/20260416_195924_69e0dd2cd4284.jpg', '2026-04-16 12:59:24'),
(90, 'ขวัญทอง  บัวงาม', 'จ้างเหมาบริการ', 'IN', 'uploads/20260417_065819_69e1779b8405d.jpg', '2026-04-16 23:58:19'),
(91, 'นายกิตติศักดิ์  สุดาทิพย์', 'ข้าราชการ', 'IN', 'uploads/20260417_072003_69e17cb314b1c.jpg', '2026-04-17 00:20:03'),
(92, 'กฤษชัย   ใจกล้า', 'ข้าราชการ', 'IN', 'uploads/20260417_072106_69e17cf23f2dc.jpg', '2026-04-17 00:21:06'),
(93, 'พลังพล ชื่นชอบ', 'จ้างเหมาบริการ', 'IN', 'uploads/20260417_072125_69e17d05d9a38.jpg', '2026-04-17 00:21:25'),
(94, 'นางมิคสิรมาศ  เมิดจันทึก', 'ข้าราชการ', 'IN', 'uploads/20260417_072604_69e17e1c3ad56.jpg', '2026-04-17 00:26:04'),
(95, 'เทพไท สุขเรือน', 'จ้างเหมาบริการ', 'IN', 'uploads/20260417_072947_69e17efb5e30f.jpg', '2026-04-17 00:29:47'),
(96, 'นัชชา แนวบุตร', 'จ้างเหมาบริการ', 'IN', 'uploads/20260417_073201_69e17f816407e.jpg', '2026-04-17 00:32:01'),
(97, 'หัสดี  อินทร', 'จ้างเหมาบริการ', 'IN', 'uploads/20260417_073314_69e17fca691f4.jpg', '2026-04-17 00:33:14'),
(98, 'อนุธิดา สุระโคตร', 'พนักงานราชการ', 'IN', 'uploads/20260417_073357_69e17ff5da846.jpg', '2026-04-17 00:33:57'),
(99, 'นายวีระะชาติ แวดไธสง', 'พนักงานราชการ', 'IN', 'uploads/20260417_074406_69e1825664000.jpg', '2026-04-17 00:44:06'),
(100, 'สุภาพร ไตรเวช', 'จ้างเหมาบริการ', 'IN', 'uploads/20260417_074528_69e182a8a5e1a.jpg', '2026-04-17 00:45:28'),
(101, 'นายหัสชัย สินภักดี', 'พนักงานราชการ', 'IN', 'uploads/20260417_074825_69e18359a2cdd.jpg', '2026-04-17 00:48:25'),
(102, 'นายอัตพล แต้มเติม', 'จ้างเหมาบริการ', 'IN', 'uploads/20260417_075045_69e183e5a7d82.jpg', '2026-04-17 00:50:45'),
(103, 'ณพัสรา มารยาท', 'จ้างเหมาบริการ', 'IN', 'uploads/20260417_075202_69e18432d866c.jpg', '2026-04-17 00:52:02'),
(104, 'พงษ์ศักดิ์  แป้งนวล', 'จ้างเหมาบริการ', 'IN', 'uploads/20260417_075403_69e184aba4ae8.jpg', '2026-04-17 00:54:03'),
(105, 'จักรกรินทร์ มัทธะปานัง', 'จ้างเหมาบริการ', 'IN', 'uploads/20260417_075837_69e185bde1123.jpg', '2026-04-17 00:58:37'),
(106, 'นางสาวชมภูนุช  รัตนา', 'ข้าราชการ', 'IN', 'uploads/20260417_080237_69e186ad1927e.jpg', '2026-04-17 01:02:37'),
(107, 'นางปราณี  ดวงเงิน', 'จ้างเหมาบริการ', 'IN', 'uploads/20260417_080527_69e187572a051.jpg', '2026-04-17 01:05:27'),
(108, 'กาญจนา ปาณคำ', 'พนักงานราชการ', 'IN', 'uploads/20260417_080557_69e18775b28f0.jpg', '2026-04-17 01:05:57'),
(109, 'ดวงมาลย์ รอดทอง', 'ข้าราชการ', 'IN', 'uploads/20260417_080851_69e18823da4e0.jpg', '2026-04-17 01:08:51'),
(110, 'รุ่งทิพย์ คงตระกูล', 'จ้างเหมาบริการ', 'IN', 'uploads/20260417_081157_69e188dda0e31.jpg', '2026-04-17 01:11:57'),
(111, 'สำเริงมากบริบูรณ์', 'จ้างเหมาบริการ', 'IN', 'uploads/20260417_081216_69e188f0168c8.jpg', '2026-04-17 01:12:16'),
(112, 'ธนวัฒน์ กันทะถ้ำ', 'ข้าราชการ', 'IN', 'uploads/20260417_081236_69e18904ba526.jpg', '2026-04-17 01:12:36'),
(113, 'จารึก  เนตยกุล', 'พนักงานราชการ', 'IN', 'uploads/20260417_081456_69e18990a786b.jpg', '2026-04-17 01:14:56'),
(114, 'สำเริงมากบริบูรณ์', 'จ้างเหมาบริการ', 'IN', 'uploads/20260417_081832_69e18a683b482.jpg', '2026-04-17 01:18:32'),
(115, 'shogo inoue', 'อาสาสมัครญี่ปุ่น', 'IN', 'uploads/20260417_081840_69e18a70002de.jpg', '2026-04-17 01:18:40'),
(116, 'มยุรี อดุลย์เดช', 'พนักงานราชการ', 'IN', 'uploads/20260417_082723_69e18c7bce169.jpg', '2026-04-17 01:27:23'),
(117, 'นายพงศ์สวัสดิ์  จ่างจิตต์', 'ข้าราชการ', 'IN', 'uploads/20260417_083655_69e18eb7d8281.jpg', '2026-04-17 01:36:55'),
(118, 'นายหัสชัย สินภักดี', 'พนักงานราชการ', 'OUT', 'uploads/20260417_163137_69e1fdf9a8aac.jpg', '2026-04-17 09:31:37'),
(119, 'พงษ์ศักดิ์  แป้งนวล', 'จ้างเหมาบริการ', 'OUT', 'uploads/20260417_163229_69e1fe2d4f9c4.jpg', '2026-04-17 09:32:29'),
(120, 'shogo inoue', 'อาสาสมัครญี่ปุ่น', 'OUT', 'uploads/20260417_163233_69e1fe312b34e.jpg', '2026-04-17 09:32:33'),
(121, 'พลังพล ชื่นชอบ', 'จ้างเหมาบริการ', 'OUT', 'uploads/20260417_163314_69e1fe5aef410.jpg', '2026-04-17 09:33:14'),
(122, 'อนุธิดา สุระโคตร', 'พนักงานราชการ', 'OUT', 'uploads/20260417_163601_69e1ff010580e.jpg', '2026-04-17 09:36:01'),
(123, 'สุภาพร ไตรเวช', 'จ้างเหมาบริการ', 'OUT', 'uploads/20260417_163746_69e1ff6a2c084.jpg', '2026-04-17 09:37:46'),
(124, 'หัสดี  อินทร', 'จ้างเหมาบริการ', 'OUT', 'uploads/20260417_163821_69e1ff8d8e9a4.jpg', '2026-04-17 09:38:21'),
(125, 'ณพัสรา มารยาท', 'จ้างเหมาบริการ', 'OUT', 'uploads/20260417_163846_69e1ffa64f4fd.jpg', '2026-04-17 09:38:46'),
(126, 'นายอัตพล แต้มเติม', 'จ้างเหมาบริการ', 'OUT', 'uploads/20260417_164040_69e20018f0422.jpg', '2026-04-17 09:40:40'),
(127, 'เทพไท สุขเรือน', 'จ้างเหมาบริการ', 'OUT', 'uploads/20260417_164257_69e200a1aa3c5.jpg', '2026-04-17 09:42:57'),
(128, 'นัชชา แนวบุตร', 'จ้างเหมาบริการ', 'OUT', 'uploads/20260417_164315_69e200b38ed57.jpg', '2026-04-17 09:43:15'),
(129, 'ดวงมาลย์ รอดทอง', 'ข้าราชการ', 'OUT', 'uploads/20260417_164324_69e200bccb625.jpg', '2026-04-17 09:43:24'),
(130, 'รุ่งทิพย์ คงตระกูล', 'จ้างเหมาบริการ', 'OUT', 'uploads/20260417_164325_69e200bdcea17.jpg', '2026-04-17 09:43:25'),
(131, 'จารึก เนตยกุล', 'พนักงานราชการ', 'OUT', 'uploads/20260417_164331_69e200c350475.jpg', '2026-04-17 09:43:31'),
(132, 'นายกิตติศักดิ์  สุดาทิพย์', 'ข้าราชการ', 'OUT', 'uploads/20260417_164646_69e2018679024.jpg', '2026-04-17 09:46:46'),
(133, 'ธนวัฒน์ กันทะถ้ำ', 'ข้าราชการ', 'OUT', 'uploads/20260417_165613_69e203bd9ec02.jpg', '2026-04-17 09:56:13'),
(134, 'จักรกรินทร์ มัทธะปานัง', 'จ้างเหมาบริการ', 'OUT', 'uploads/20260417_165730_69e2040aa6cfb.jpg', '2026-04-17 09:57:30'),
(135, 'นางมิคสิรมาศ  เมิดจันทึก', 'ข้าราชการ', 'OUT', 'uploads/20260417_170313_69e20561536c7.jpg', '2026-04-17 10:03:13'),
(136, 'มยุรี อดุลย์เดช', 'พนักงานราชการ', 'OUT', 'uploads/20260417_170416_69e205a04920a.jpg', '2026-04-17 10:04:16'),
(137, 'นางปราณี  ดวงเงิน', 'จ้างเหมาบริการ', 'OUT', 'uploads/20260417_170621_69e2061d41f90.jpg', '2026-04-17 10:06:21'),
(138, 'กาญจนา ปาณคำ', 'พนักงานราชการ', 'OUT', 'uploads/20260417_170727_69e2065f663ea.jpg', '2026-04-17 10:07:27'),
(139, 'ขวัญทอง   บัวงาม', 'จ้างเหมาบริการ', 'OUT', 'uploads/20260417_170921_69e206d1b8ba9.jpg', '2026-04-17 10:09:21'),
(140, 'นางสาวชมภูนุช  รัตนา', 'ข้าราชการ', 'OUT', 'uploads/20260417_173335_69e20c7f47880.jpg', '2026-04-17 10:33:35'),
(141, 'กฤษชัย  ใจกล้า', 'ข้าราชการ', 'OUT', 'uploads/20260417_183356_69e21aa490a89.jpg', '2026-04-17 11:33:56'),
(142, 'สำเริง    มาก็บริบูรณ์', 'จ้างเหมาบริการ', 'OUT', 'uploads/20260417_184640_69e21da01c597.jpg', '2026-04-17 11:46:40'),
(143, 'นายวีระะชาติ แวดไธสง', 'พนักงานราชการ', 'OUT', 'uploads/20260417_205619_69e23c038dfeb.jpg', '2026-04-17 13:56:19'),
(144, 'สำเริง    มาก็บริบูรณ์', 'จ้างเหมาบริการ', 'IN', 'uploads/20260418_071126_69e2cc2ebe54c.jpg', '2026-04-18 00:11:26'),
(145, 'เทพไท สุขเรือน', 'จ้างเหมาบริการ', 'IN', 'uploads/20260418_072844_69e2d03cc4609.jpg', '2026-04-18 00:28:44'),
(146, 'นาย สุทธวีร์ วงศ์สายธาร', 'จ้างเหมาบริการ', 'IN', 'uploads/20260418_074030_69e2d2feb8c3c.jpg', '2026-04-18 00:40:30'),
(147, 'นางปราณี  ดวงเงิน', 'จ้างเหมาบริการ', 'IN', 'uploads/20260418_074631_69e2d4678cbd0.jpg', '2026-04-18 00:46:31'),
(148, 'นายชัยยศ จันทร์เฑียร', 'จ้างเหมาบริการ', 'IN', 'uploads/20260418_075244_69e2d5dc2d988.jpg', '2026-04-18 00:52:44'),
(149, 'นายชัยยศ จันทร์เฑียร', 'จ้างเหมาบริการ', 'IN', 'uploads/20260418_075808_69e2d7209a77f.jpg', '2026-04-18 00:58:08'),
(150, 'วสันต์ กลั่นประสิทธิ์', 'จ้างเหมาบริการ', 'IN', 'uploads/20260418_080144_69e2d7f802b5a.jpg', '2026-04-18 01:01:44'),
(151, 'รุ่งทิพย์ คงตระกูล', 'จ้างเหมาบริการ', 'IN', 'uploads/20260418_081758_69e2dbc6a297c.jpg', '2026-04-18 01:17:58'),
(152, 'รุ่งทิพย์ คงตระกูล', 'จ้างเหมาบริการ', 'OUT', 'uploads/20260418_163709_69e350c55f07e.jpg', '2026-04-18 09:37:09'),
(153, 'ชัยยศ จันทร์เฑียร', 'จ้างเหมาบริการ', 'OUT', 'uploads/20260418_163759_69e350f7e314f.jpg', '2026-04-18 09:37:59'),
(154, 'สุทธวีร์ วงศ์สายธาร', 'จ้างเหมาบริการ', 'OUT', 'uploads/20260418_164329_69e3524168a58.jpg', '2026-04-18 09:43:29'),
(155, 'สำเริง   มากบริบูรณ์', 'จ้างเหมาบริการ', 'OUT', 'uploads/20260418_164626_69e352f281d50.jpg', '2026-04-18 09:46:26'),
(156, 'วสันต์ กลั่นประสิทธิ์', 'จ้างเหมาบริการ', 'OUT', 'uploads/20260418_164714_69e35322b1b39.jpg', '2026-04-18 09:47:14'),
(157, 'นางปราณี  ดวงเงิน', 'จ้างเหมาบริการ', 'OUT', 'uploads/20260418_165200_69e354402ce65.jpg', '2026-04-18 09:52:00'),
(158, 'เทพไท สุจเรือน', 'จ้างเหมาบริการ', 'OUT', 'uploads/20260418_165216_69e354502e99a.jpg', '2026-04-18 09:52:16'),
(159, 'รัชดาภร บัวงาม', 'พนักงานราชการ', 'IN', 'uploads/20260420_065415_69e56b27c901a.jpg', '2026-04-19 23:54:15'),
(160, 'นิภารัตน์  คีรีธาร', 'พนักงานราชการ', 'IN', 'uploads/20260420_065806_69e56c0eb596d.jpg', '2026-04-19 23:58:06'),
(161, 'นายกิตติศักดิ์  สุดาทิพย์', 'ข้าราชการ', 'IN', 'uploads/20260420_070047_69e56caf09419.jpg', '2026-04-20 00:00:47'),
(162, 'นางสาวสิริลักษณ์ ชูกาญจนพิทักษ์', 'ข้าราชการ', 'IN', 'uploads/20260420_070715_69e56e336dc1e.jpg', '2026-04-20 00:07:15'),
(163, 'สิริรัตน์ เสริฐพรรนึก', 'ข้าราชการ', 'IN', 'uploads/20260420_070800_69e56e60500ff.jpg', '2026-04-20 00:08:00'),
(164, 'นายวีระะชาติ แวดไธสง', 'พนักงานราชการ', 'IN', 'uploads/20260420_070903_69e56e9f087e4.jpg', '2026-04-20 00:09:03'),
(165, 'อนุธิดา สุระโคตร', 'พนักงานราชการ', 'IN', 'uploads/20260420_073346_69e5746a842de.jpg', '2026-04-20 00:33:46'),
(166, 'พงษ์ศักดิ์  แป้งนวล', 'จ้างเหมาบริการ', 'IN', 'uploads/20260420_073638_69e57516185ef.jpg', '2026-04-20 00:36:38'),
(167, 'นางมิคสิรมาศ  เมิดจันทึก', 'ข้าราชการ', 'IN', 'uploads/20260420_073954_69e575da2258a.jpg', '2026-04-20 00:39:54'),
(168, 'เทพไท สุขเรือน', 'จ้างเหมาบริการ', 'IN', 'uploads/20260420_074117_69e5762d72b77.jpg', '2026-04-20 00:41:17'),
(169, 'พงศ์สวัสดิ์ จ่างจิตต์', 'ข้าราชการ', 'IN', 'uploads/20260420_074422_69e576e63c434.jpg', '2026-04-20 00:44:22'),
(170, 'สุทธวีร์ วงศ์สายธาร', 'จ้างเหมาบริการ', 'IN', 'uploads/20260420_074856_69e577f8e4c7d.jpg', '2026-04-20 00:48:56'),
(171, 'รุ่งทิพย์ คงตระกูล', 'จ้างเหมาบริการ', 'IN', 'uploads/20260420_075156_69e578ac853aa.jpg', '2026-04-20 00:51:56'),
(172, 'เสาวณีย์. บัวโทน', 'ข้าราชการ', 'IN', 'uploads/20260420_075405_69e5792d9ea07.jpg', '2026-04-20 00:54:05'),
(173, 'ชัยยศ จันทร์เฑียร', 'จ้างเหมาบริการ', 'IN', 'uploads/20260420_075637_69e579c519e18.jpg', '2026-04-20 00:56:37'),
(174, 'นางปราณี  ดวงเงิน', 'จ้างเหมาบริการ', 'IN', 'uploads/20260420_081120_69e57d3852bfa.jpg', '2026-04-20 01:11:20'),
(175, 'น.ส.ณัทณลันย์ แสนโสม', 'พนักงานราชการ', 'IN', 'uploads/20260420_081208_69e57d685c118.jpg', '2026-04-20 01:12:08'),
(176, 'ธนวัฒน์ กันทะถ้ำ', 'ข้าราชการ', 'IN', 'uploads/20260420_082101_69e57f7db58f4.jpg', '2026-04-20 01:21:01'),
(177, 'สุภาภรณ์ สานอก', 'พนักงานราชการ', 'IN', 'uploads/20260420_083644_69e5832c6889c.jpg', '2026-04-20 01:36:44'),
(178, 'จารึก  เนตยกุล', 'พนักงานราชการ', 'IN', 'uploads/20260420_083722_69e58352d45ab.jpg', '2026-04-20 01:37:22'),
(179, 'จารึก  เนตยกุล', 'พนักงานราชการ', 'OUT', 'uploads/20260420_163023_69e5f22f8192f.jpg', '2026-04-20 09:30:23'),
(180, 'สุทธวีร์ วงศ์สายธาร', 'จ้างเหมาบริการ', 'OUT', 'uploads/20260420_163303_69e5f2cf306b4.jpg', '2026-04-20 09:33:03'),
(181, 'นิภารัตน์  คีรีธาร', 'พนักงานราชการ', 'OUT', 'uploads/20260420_163319_69e5f2df072b3.jpg', '2026-04-20 09:33:19'),
(182, 'อนุธิดา สุระโคตร', 'พนักงานราชการ', 'OUT', 'uploads/20260420_163336_69e5f2f015683.jpg', '2026-04-20 09:33:36'),
(183, 'พงษ์ศักดิ์  แป้งนวล', 'จ้างเหมาบริการ', 'OUT', 'uploads/20260420_163749_69e5f3ed7d224.jpg', '2026-04-20 09:37:49'),
(184, 'สิริรัตน์ เสริฐพรรนึก', 'ข้าราชการ', 'OUT', 'uploads/20260420_163843_69e5f42308b83.jpg', '2026-04-20 09:38:43'),
(185, 'เทพไท สุขเรือน', 'จ้างเหมาบริการ', 'OUT', 'uploads/20260420_164047_69e5f49f85699.jpg', '2026-04-20 09:40:47'),
(186, 'นายพงศ์สวัสดิ์  จ่างจิตต์', 'ข้าราชการ', 'OUT', 'uploads/20260420_164437_69e5f5852e579.jpg', '2026-04-20 09:44:37'),
(187, 'ธนวัฒน์ กันทะถ้ำ', 'ข้าราชการ', 'OUT', 'uploads/20260420_164519_69e5f5af02046.jpg', '2026-04-20 09:45:19'),
(188, 'ชัยยศ จันทร์เฑียร', 'จ้างเหมาบริการ', 'OUT', 'uploads/20260420_165215_69e5f74f99c9e.jpg', '2026-04-20 09:52:15'),
(189, 'รุ่งทิพย์ คงตระกูล', 'จ้างเหมาบริการ', 'OUT', 'uploads/20260420_165427_69e5f7d391291.jpg', '2026-04-20 09:54:27'),
(190, 'นายกิตติศักดิ์  สุดาทิพย์', 'ข้าราชการ', 'OUT', 'uploads/20260420_165451_69e5f7ebea474.jpg', '2026-04-20 09:54:51'),
(191, 'เสาวณีย์. บัวโทน', 'ข้าราชการ', 'OUT', 'uploads/20260420_165554_69e5f82a782c5.jpg', '2026-04-20 09:55:54'),
(192, 'นางมิคสิรมาศ  เมิดจันทึก', 'ข้าราชการ', 'OUT', 'uploads/20260420_165558_69e5f82e66f3a.jpg', '2026-04-20 09:55:58'),
(193, 'นางสาวสิริลักษณ์ ชูกาญจนพิทักษ์', 'ข้าราชการ', 'OUT', 'uploads/20260420_180339_69e6080ba93b4.jpg', '2026-04-20 11:03:39'),
(194, 'รัชดาภร บัวงาม', 'พนักงานราชการ', 'OUT', 'uploads/20260420_185622_69e61466b9c89.jpg', '2026-04-20 11:56:22'),
(195, 'สุภาภรณ์ สานอก', 'พนักงานราชการ', 'OUT', 'uploads/20260420_211922_69e635eab13c8.jpg', '2026-04-20 14:19:22'),
(196, 'ณัทณลันย์ แสนโสม', 'พนักงานราชการ', 'OUT', 'uploads/20260420_223655_69e6481707950.jpg', '2026-04-20 15:36:55'),
(197, 'นางปราณี  ดวงเงิน', 'จ้างเหมาบริการ', 'OUT', 'uploads/20260420_223727_69e64837a58ae.jpg', '2026-04-20 15:37:27'),
(198, 'ขวัญมอง บัวงาม', 'จ้างเหมาบริการ', 'IN', 'uploads/20260421_061956_69e6b49c299d9.jpg', '2026-04-20 23:19:56'),
(199, 'ณัทณลันย์ แสนโสม', 'พนักงานราชการ', 'IN', 'uploads/20260421_062310_69e6b55ef323e.jpg', '2026-04-20 23:23:10'),
(200, 'สุภาภรณ์ สานอก', 'พนักงานราชการ', 'IN', 'uploads/20260421_064123_69e6b9a34a69e.jpg', '2026-04-20 23:41:23'),
(201, 'นายกิตติศักดิ์  สุดาทิพย์', 'ข้าราชการ', 'IN', 'uploads/20260421_071153_69e6c0c9cde91.jpg', '2026-04-21 00:11:53'),
(202, 'เทพไท สุขเรือน', 'จ้างเหมาบริการ', 'IN', 'uploads/20260421_071727_69e6c2172b6c8.jpg', '2026-04-21 00:17:27'),
(203, 'หัสดี  อินทร', 'จ้างเหมาบริการ', 'IN', 'uploads/20260421_072019_69e6c2c3b2215.jpg', '2026-04-21 00:20:19'),
(204, 'จักรกรินทร์ มัทธะปานัง', 'จ้างเหมาบริการ', 'IN', 'uploads/20260421_072123_69e6c303ae9d9.jpg', '2026-04-21 00:21:23'),
(205, 'ณพัสรา มารยาท', 'จ้างเหมาบริการ', 'IN', 'uploads/20260421_072239_69e6c34f599ea.jpg', '2026-04-21 00:22:39'),
(206, 'สุทธวีร์ วงศ์สายธาร', 'จ้างเหมาบริการ', 'IN', 'uploads/20260421_072248_69e6c358ed2d8.jpg', '2026-04-21 00:22:48'),
(207, 'สุภาพร ไครเวช', 'จ้างเหมาบริการ', 'IN', 'uploads/20260421_072337_69e6c3899f2f9.jpg', '2026-04-21 00:23:37'),
(208, 'พลังพล ชื่นชอบ', 'จ้างเหมาบริการ', 'IN', 'uploads/20260421_073118_69e6c55696df5.jpg', '2026-04-21 00:31:18'),
(209, 'พงศ์สวัสดิ์ จ่างจิตต์', 'ข้าราชการ', 'IN', 'uploads/20260421_073452_69e6c62cbeb35.jpg', '2026-04-21 00:34:52'),
(210, 'ชัยยศ จันทร์เฑียร', 'จ้างเหมาบริการ', 'IN', 'uploads/20260421_073626_69e6c68a7dbfc.jpg', '2026-04-21 00:36:26'),
(211, 'นายวีระะชาติ แวดไธสง', 'พนักงานราชการ', 'IN', 'uploads/20260421_073701_69e6c6adcf80c.jpg', '2026-04-21 00:37:01'),
(212, 'อนุธิดา สุระโคตร', 'พนักงานราชการ', 'IN', 'uploads/20260421_073801_69e6c6e94e812.jpg', '2026-04-21 00:38:01'),
(213, 'เสาวณีย์. บัวโทน', 'ข้าราชการ', 'IN', 'uploads/20260421_075442_69e6cad2a40fe.jpg', '2026-04-21 00:54:42'),
(214, 'นายอัตพล แต้มเติม', 'จ้างเหมาบริการ', 'IN', 'uploads/20260421_080211_69e6cc93d2417.jpg', '2026-04-21 01:02:11'),
(215, 'นางสาวชมภูนุช  รัตนา', 'ข้าราชการ', 'IN', 'uploads/20260421_080332_69e6cce47e11b.jpg', '2026-04-21 01:03:32'),
(216, 'นางสาวสิริลักษณ์ ชูกาญจนพิทักษ์', 'ข้าราชการ', 'IN', 'uploads/20260421_080458_69e6cd3a1c9b9.jpg', '2026-04-21 01:04:58'),
(217, 'นิภารัตน์  คีรีธาร', 'พนักงานราชการ', 'IN', 'uploads/20260421_080622_69e6cd8e47e6e.jpg', '2026-04-21 01:06:22'),
(218, 'นัชชา แนวบุตร', 'จ้างเหมาบริการ', 'IN', 'uploads/20260421_080717_69e6cdc5d97c1.jpg', '2026-04-21 01:07:17'),
(219, 'สิริรัตน์ เสริฐพรรนึก', 'ข้าราชการ', 'IN', 'uploads/20260421_081040_69e6ce9034588.jpg', '2026-04-21 01:10:40'),
(220, 'เทพไท สุขเรือน', 'จ้างเหมาบริการ', 'OUT', 'uploads/20260421_163132_69e743f47557e.jpg', '2026-04-21 09:31:32'),
(221, 'ชัยยศ จันทร์เฑียร', 'จ้างเหมาบริการ', 'OUT', 'uploads/20260421_163247_69e7443f7502e.jpg', '2026-04-21 09:32:47'),
(222, 'สิริรัตน์ เสริฐพรรนึก', 'ข้าราชการ', 'OUT', 'uploads/20260421_163313_69e74459ab53a.jpg', '2026-04-21 09:33:13'),
(223, 'อนุธิดา สุระโคตร', 'พนักงานราชการ', 'OUT', 'uploads/20260421_163631_69e7451fd30fa.jpg', '2026-04-21 09:36:31'),
(224, 'จักรกรินทร์ มัทธะปานัง', 'จ้างเหมาบริการ', 'OUT', 'uploads/20260421_163659_69e7453bc1f23.jpg', '2026-04-21 09:36:59'),
(225, 'หัสดี  อินทร', 'จ้างเหมาบริการ', 'OUT', 'uploads/20260421_164009_69e745f911dcf.jpg', '2026-04-21 09:40:09'),
(226, 'นัชชา แนวบุตร', 'จ้างเหมาบริการ', 'OUT', 'uploads/20260421_164113_69e7463914148.jpg', '2026-04-21 09:41:13'),
(227, 'สุภาพร ไตรเวช', 'จ้างเหมาบริการ', 'OUT', 'uploads/20260421_164122_69e746427006b.jpg', '2026-04-21 09:41:22'),
(228, 'สุทธวีร์ วงศ์สายธาร', 'จ้างเหมาบริการ', 'OUT', 'uploads/20260421_164128_69e74648b68a8.jpg', '2026-04-21 09:41:28'),
(229, 'ณพัสรา มารยาท', 'จ้างเหมาบริการ', 'OUT', 'uploads/20260421_164500_69e7471ccbe95.jpg', '2026-04-21 09:45:00'),
(230, 'นายอัตพล แต้มเติม', 'จ้างเหมาบริการ', 'OUT', 'uploads/20260421_164514_69e7472a65bfc.jpg', '2026-04-21 09:45:14'),
(231, 'นายกิตติศักดิ์  สุดาทิพย์', 'ข้าราชการ', 'OUT', 'uploads/20260421_165737_69e74a1156d9e.jpg', '2026-04-21 09:57:37'),
(232, 'นายวีระะชาติ แวดไธสง', 'พนักงานราชการ', 'OUT', 'uploads/20260421_171003_69e74cfb06b4b.jpg', '2026-04-21 10:10:03'),
(233, 'ขวัญทอง  บัวงาม', 'จ้างเหมาบริการ', 'OUT', 'uploads/20260421_171121_69e74d4915e9f.jpg', '2026-04-21 10:11:21'),
(234, 'ชมภูนุช  รัตนา', 'ข้าราชการ', 'OUT', 'uploads/20260421_171206_69e74d76ce062.jpg', '2026-04-21 10:12:06'),
(235, 'น.ส.นิภารัตน์  คีรีธาร', 'พนักงานราชการ', 'OUT', 'uploads/20260421_171653_69e74e95ccf52.jpg', '2026-04-21 10:16:53'),
(236, 'เสาวณีย์. บัวโทน', 'ข้าราชการ', 'OUT', 'uploads/20260421_171912_69e74f2072681.jpg', '2026-04-21 10:19:12'),
(237, 'ณัทณลันย์ แสนโสม', 'พนักงานราชการ', 'OUT', 'uploads/20260421_172056_69e74f88563ce.jpg', '2026-04-21 10:20:56'),
(238, 'พลังพล ชื่นชอบ', 'จ้างเหมาบริการ', 'OUT', 'uploads/20260421_175333_69e7572d0cb44.jpg', '2026-04-21 10:53:33'),
(239, 'นางสาวสิริลักษณ์ ชูกาญจนพิทักษ์', 'ข้าราชการ', 'OUT', 'uploads/20260421_193603_69e76f334e20e.jpg', '2026-04-21 12:36:03'),
(240, 'สุภาภรณ์ สานอก', 'พนักงานราชการ', 'OUT', 'uploads/20260421_204312_69e77ef0e4f16.jpg', '2026-04-21 13:43:12'),
(241, 'รัชดาภร บัวงาม', 'พนักงานราชการ', 'IN', 'uploads/20260422_064839_69e80cd7c4ba4.jpg', '2026-04-21 23:48:39'),
(242, 'ณัทณลันย์ แสนโสม', 'พนักงานราชการ', 'IN', 'uploads/20260422_065229_69e80dbd77ad1.jpg', '2026-04-21 23:52:29'),
(243, 'กาญจนา ปาณคำ', 'พนักงานราชการ', 'IN', 'uploads/20260422_065931_69e80f633841f.jpg', '2026-04-21 23:59:31'),
(244, 'สำเริง  มากบริบูรณ์', 'จ้างเหมาบริการ', 'IN', 'uploads/20260422_072142_69e814963e034.jpg', '2026-04-22 00:21:42'),
(245, 'ดวงมาลย์ รอดทอง', 'ข้าราชการ', 'IN', 'uploads/20260422_072759_69e8160f64c2a.jpg', '2026-04-22 00:27:59'),
(246, 'ชมภูนุช  รัตนา', 'ข้าราชการ', 'IN', 'uploads/20260422_074930_69e81b1a43b8a.jpg', '2026-04-22 00:49:30'),
(247, 'วสันต์ กลั่นประสิทธิ์', 'จ้างเหมาบริการ', 'IN', 'uploads/20260422_075353_69e81c21875e7.jpg', '2026-04-22 00:53:53'),
(248, 'กมลพร อินตา', 'พนักงานราชการ', 'IN', 'uploads/20260422_080249_69e81e39550dd.jpg', '2026-04-22 01:02:49'),
(249, 'สิริรัตน์ เสริฐพรรนึก', 'ข้าราชการ', 'IN', 'uploads/20260422_080553_69e81ef1846ac.jpg', '2026-04-22 01:05:53'),
(250, 'น.ส.นิภารัตน์  คีรีธาร', 'พนักงานราชการ', 'IN', 'uploads/20260422_080726_69e81f4e64316.jpg', '2026-04-22 01:07:26'),
(251, 'ธนวัฒน์ กันทะถ้ำ', 'ข้าราชการ', 'IN', 'uploads/20260422_081246_69e8208e3661b.jpg', '2026-04-22 01:12:46'),
(252, 'กมลพร อินตา', 'พนักงานราชการ', 'OUT', 'uploads/20260422_163340_69e895f45087f.jpg', '2026-04-22 09:33:40'),
(253, 'ดวงมาลย์ รอดทอง', 'ข้าราชการ', 'OUT', 'uploads/20260422_163814_69e8970674444.jpg', '2026-04-22 09:38:14'),
(254, 'น.ส.นิภารัตน์  คีรีธาร', 'พนักงานราชการ', 'OUT', 'uploads/20260422_164446_69e8988e1b1e5.jpg', '2026-04-22 09:44:46'),
(255, 'กาญจนา ปาณคำ', 'พนักงานราชการ', 'OUT', 'uploads/20260422_164750_69e8994683970.jpg', '2026-04-22 09:47:50'),
(256, 'สิริรัตน์ เสริฐพรรนึก', 'ข้าราชการ', 'OUT', 'uploads/20260422_165307_69e89a835746a.jpg', '2026-04-22 09:53:07'),
(257, 'วสันต์ กลั่นประสิทธิ์', 'จ้างเหมาบริการ', 'OUT', 'uploads/20260422_170100_69e89c5ca3914.jpg', '2026-04-22 10:01:00'),
(258, 'สำเริง   มากบริบูรณ์', 'จ้างเหมาบริการ', 'OUT', 'uploads/20260422_173111_69e8a36f8d153.jpg', '2026-04-22 10:31:11'),
(259, 'รัชดาพร บัวงาม', 'พนักงานราชการ', 'OUT', 'uploads/20260422_182450_69e8b00237427.jpg', '2026-04-22 11:24:50'),
(260, 'ชมภูนุช  รัตนา', 'ข้าราชการ', 'OUT', 'uploads/20260422_190610_69e8b9b2463f5.jpg', '2026-04-22 12:06:10'),
(261, 'ธนวัฒน์ กันทะถ้ำ', 'ข้าราชการ', 'OUT', 'uploads/20260422_190636_69e8b9ccb2c97.jpg', '2026-04-22 12:06:36'),
(262, 'ณัทณลันย์ แสนโสม', 'พนักงานราชการ', 'OUT', 'uploads/20260422_205615_69e8d37f18701.jpg', '2026-04-22 13:56:15'),
(263, 'รัชดาภร บัวงาม', 'พนักงานราชการ', 'IN', 'uploads/20260423_064052_69e95c848e078.jpg', '2026-04-22 23:40:52'),
(264, 'ขวัญทอง  บัวงาม', 'จ้างเหมาบริการ', 'IN', 'uploads/20260423_064149_69e95cbd6be46.jpg', '2026-04-22 23:41:49'),
(265, 'หัสดี  อินทร', 'จ้างเหมาบริการ', 'IN', 'uploads/20260423_065225_69e95f3997bfc.jpg', '2026-04-22 23:52:25'),
(266, 'ณัทณลันย์ แสนโสม', 'พนักงานราชการ', 'IN', 'uploads/20260423_072245_69e9665561a67.jpg', '2026-04-23 00:22:45'),
(267, 'พลังพล ชื่นชอบ', 'จ้างเหมาบริการ', 'IN', 'uploads/20260423_072246_69e96656b8559.jpg', '2026-04-23 00:22:46'),
(268, 'ณพัสรา มารยาท', 'จ้างเหมาบริการ', 'IN', 'uploads/20260423_073013_69e968159ffe4.jpg', '2026-04-23 00:30:13'),
(269, 'จักรกรินทร์ มัทธะปานัง', 'จ้างเหมาบริการ', 'IN', 'uploads/20260423_073554_69e9696ac9d2e.jpg', '2026-04-23 00:35:54'),
(270, 'สุภาพร ไตรเวช', 'จ้างเหมาบริการ', 'IN', 'uploads/20260423_073624_69e969885fb97.jpg', '2026-04-23 00:36:24'),
(271, 'พงษ์ศักดิ์  แป้งนวล', 'จ้างเหมาบริการ', 'IN', 'uploads/20260423_073719_69e969bfc61f7.jpg', '2026-04-23 00:37:19'),
(272, 'ดวงมาลย์ รอดทอง', 'ข้าราชการ', 'IN', 'uploads/20260423_073819_69e969fba8ca5.jpg', '2026-04-23 00:38:19'),
(273, 'นัชชา แนวบุตร', 'จ้างเหมาบริการ', 'IN', 'uploads/20260423_074122_69e96ab2035e5.jpg', '2026-04-23 00:41:22'),
(274, 'นายหัสชัย สินภักดี', 'พนักงานราชการ', 'IN', 'uploads/20260423_074459_69e96b8bc4955.jpg', '2026-04-23 00:44:59'),
(275, 'กมลพร อินตา', 'พนักงานราชการ', 'IN', 'uploads/20260423_080201_69e96f89daa13.jpg', '2026-04-23 01:02:01'),
(276, 'นางสาวสิริลักษณ์ ชูกาญจนพิทักษ์', 'ข้าราชการ', 'IN', 'uploads/20260423_080418_69e970127b550.jpg', '2026-04-23 01:04:18'),
(277, 'นายกฤษชัย  ใจกล้า', 'ข้าราชการ', 'IN', 'uploads/20260423_080709_69e970bddd6f9.jpg', '2026-04-23 01:07:09'),
(278, 'นายอัตพล แต้มเติม', 'จ้างเหมาบริการ', 'IN', 'uploads/20260423_080858_69e9712ae4982.jpg', '2026-04-23 01:08:58'),
(279, 'จารึก เนตยกุล', 'พนักงานราชการ', 'IN', 'uploads/20260423_080924_69e9714486d39.jpg', '2026-04-23 01:09:24'),
(280, 'เสาวณีย์. บัวโทน', 'ข้าราชการ', 'IN', 'uploads/20260423_081312_69e97228d0a95.jpg', '2026-04-23 01:13:12'),
(281, 'สิริรัตน์ เสริฐพรรนึก', 'ข้าราชการ', 'IN', 'uploads/20260423_081411_69e972630450d.jpg', '2026-04-23 01:14:11'),
(282, 'น.ส.นิภารัตน์  คีรีธาร', 'พนักงานราชการ', 'IN', 'uploads/20260423_081414_69e972664c02f.jpg', '2026-04-23 01:14:14'),
(283, 'ณัทณลันย์ แสนโสม', 'พนักงานราชการ', 'OUT', 'uploads/20260423_163406_69e9e78e830e9.jpg', '2026-04-23 09:34:06'),
(284, 'พลังพล ชื่นชอบ', 'จ้างเหมาบริการ', 'OUT', 'uploads/20260423_163743_69e9e867ed56c.jpg', '2026-04-23 09:37:43'),
(285, 'นายอัตพล แต้มเติม', 'จ้างเหมาบริการ', 'OUT', 'uploads/20260423_163949_69e9e8e5d1b64.jpg', '2026-04-23 09:39:49'),
(286, 'นัชชา แนววุตร', 'จ้างเหมาบริการ', 'OUT', 'uploads/20260423_164036_69e9e914be867.jpg', '2026-04-23 09:40:36'),
(287, 'สุภาพร ไตรเวช', 'จ้างเหมาบริการ', 'OUT', 'uploads/20260423_164307_69e9e9ab808cd.jpg', '2026-04-23 09:43:07'),
(288, 'พงษ์ศักดิ์  แป้งนวล', 'จ้างเหมาบริการ', 'OUT', 'uploads/20260423_164347_69e9e9d3cc753.jpg', '2026-04-23 09:43:47'),
(289, 'หัสดี อินทร', 'จ้างเหมาบริการ', 'OUT', 'uploads/20260423_164440_69e9ea0854614.jpg', '2026-04-23 09:44:40'),
(290, 'เสาวณีย์  บัวโทน', 'ข้าราชการ', 'OUT', 'uploads/20260423_164658_69e9ea92ec672.jpg', '2026-04-23 09:46:58'),
(291, 'กมลพร อินตา', 'พนักงานราชการ', 'OUT', 'uploads/20260423_164703_69e9ea97f08b7.jpg', '2026-04-23 09:47:03'),
(292, 'ณพัสรา มารยาท', 'จ้างเหมาบริการ', 'OUT', 'uploads/20260423_165046_69e9eb7690f00.jpg', '2026-04-23 09:50:46'),
(293, 'สิริรัตน์ เสริฐพรรนึก', 'ข้าราชการ', 'OUT', 'uploads/20260423_171729_69e9f1b9c012f.jpg', '2026-04-23 10:17:29'),
(294, 'น.ส.นิภารัตน์  คีรีธาร', 'พนักงานราชการ', 'OUT', 'uploads/20260423_171946_69e9f24214b89.jpg', '2026-04-23 10:19:46'),
(295, 'ดวงมาลย์ รอดทอง', 'ข้าราชการ', 'OUT', 'uploads/20260423_172024_69e9f268a8079.jpg', '2026-04-23 10:20:24'),
(296, 'จักรกรินทร์ มัทธะปานัง', 'จ้างเหมาบริการ', 'OUT', 'uploads/20260423_174728_69e9f8c03d706.jpg', '2026-04-23 10:47:28'),
(297, 'ขวัญทอง  บัวงาม', 'จ้างเหมาบริการ', 'OUT', 'uploads/20260423_175248_69e9fa00efab9.jpg', '2026-04-23 10:52:48'),
(298, 'รัชดาภร บัวงาม', 'พนักงานราชการ', 'OUT', 'uploads/20260423_175536_69e9faa87ea93.jpg', '2026-04-23 10:55:36'),
(299, 'จารึก  เนตยกุล', 'พนักงานราชการ', 'OUT', 'uploads/20260423_181539_69e9ff5beaf40.jpg', '2026-04-23 11:15:39'),
(300, 'นางสาวสิริลักษณ์ ชูกาญจนพิทักษ์', 'ข้าราชการ', 'OUT', 'uploads/20260423_212139_69ea2af3f23ab.jpg', '2026-04-23 14:21:39'),
(301, 'นายหัสชัย สินภักดี', 'พนักงานราชการ', 'OUT', 'uploads/20260423_212213_69ea2b1551400.jpg', '2026-04-23 14:22:13'),
(302, 'นายกฤษชัย  ใจกล้า', 'ข้าราชการ', 'OUT', 'uploads/20260423_220416_69ea34f054144.jpg', '2026-04-23 15:04:16'),
(303, 'นายหัสชัย สินภักดี', 'พนักงานราชการ', 'IN', 'uploads/20260424_060450_69eaa592c51eb.jpg', '2026-04-23 23:04:50'),
(304, 'นางมิคสิรมาศ  เมิดจันทึก', 'ข้าราชการ', 'IN', 'uploads/20260424_070710_69eab42e05f89.jpg', '2026-04-24 00:07:10'),
(305, 'นัชชา แนวบุตร', 'จ้างเหมาบริการ', 'IN', 'uploads/20260424_071856_69eab6f0d9655.jpg', '2026-04-24 00:18:56'),
(306, 'พลังพล ชื่นชอบ', 'จ้างเหมาบริการ', 'IN', 'uploads/20260424_072130_69eab78a2de9b.jpg', '2026-04-24 00:21:30'),
(307, 'กฤษชัย  ใจกล้า', 'ข้าราชการ', 'IN', 'uploads/20260424_072528_69eab87879a47.jpg', '2026-04-24 00:25:28'),
(308, 'ณพัสรา มารยาท', 'จ้างเหมาบริการ', 'IN', 'uploads/20260424_072628_69eab8b49bb82.jpg', '2026-04-24 00:26:28'),
(309, 'จารึก  เนตยกุล', 'พนักงานราชการ', 'IN', 'uploads/20260424_072911_69eab95741421.jpg', '2026-04-24 00:29:11'),
(310, 'ขวัญทอง  บัวงาม', 'จ้างเหมาบริการ', 'IN', 'uploads/20260424_072935_69eab96f9e952.jpg', '2026-04-24 00:29:35'),
(311, 'หัสดี อินทร', 'จ้างเหมาบริการ', 'IN', 'uploads/20260424_073056_69eab9c0bc010.jpg', '2026-04-24 00:30:56'),
(312, 'รัชดาภร บัวงาม', 'พนักงานราชการ', 'IN', 'uploads/20260424_073127_69eab9df1a326.jpg', '2026-04-24 00:31:27'),
(313, 'ณัทณลันย์ แสนโสม', 'พนักงานราชการ', 'IN', 'uploads/20260424_073459_69eabab36f798.jpg', '2026-04-24 00:34:59'),
(314, 'สำเริง   มาก็บริบูรณ์', 'จ้างเหมาบริการ', 'IN', 'uploads/20260424_074011_69eabbeb74f46.jpg', '2026-04-24 00:40:11'),
(315, 'กาญจนา ป่าณคำ', 'พนักงานราชการ', 'IN', 'uploads/20260424_074617_69eabd593f002.jpg', '2026-04-24 00:46:17'),
(316, 'น.ส.นิภารัตน์  คีรีธาร', 'พนักงานราชการ', 'IN', 'uploads/20260424_074937_69eabe214d7e3.jpg', '2026-04-24 00:49:37'),
(317, 'สุภาพร ไตรเวช', 'จ้างเหมาบริการ', 'IN', 'uploads/20260424_074942_69eabe268975f.jpg', '2026-04-24 00:49:42'),
(318, 'จักรกรินทร์ มัทธะปานัง', 'จ้างเหมาบริการ', 'IN', 'uploads/20260424_075524_69eabf7c10eda.jpg', '2026-04-24 00:55:24'),
(319, 'นายอัตพล แต้มเติม', 'จ้างเหมาบริการ', 'IN', 'uploads/20260424_080013_69eac09dc0bb9.jpg', '2026-04-24 01:00:13'),
(320, 'กมลพร อินตา', 'พนักงานราชการ', 'IN', 'uploads/20260424_080532_69eac1dcb8a09.jpg', '2026-04-24 01:05:32'),
(321, 'เสาวณีย์. บัวโทน', 'ข้าราชการ', 'IN', 'uploads/20260424_080610_69eac2027575a.jpg', '2026-04-24 01:06:10'),
(322, 'สิริรัตน์ เสริฐพรรนึก', 'ข้าราชการ', 'IN', 'uploads/20260424_081959_69eac53f80d1b.jpg', '2026-04-24 01:19:59'),
(323, 'นายอัตพล แต้มเติม', 'จ้างเหมาบริการ', 'OUT', 'uploads/20260424_163651_69eb39b3cda70.jpg', '2026-04-24 09:36:51'),
(324, 'สิริรัตน์ เสริฐพรรนึก', 'ข้าราชการ', 'OUT', 'uploads/20260424_164005_69eb3a75be841.jpg', '2026-04-24 09:40:05'),
(325, 'สำเริง   มากบริบูรณ์', 'จ้างเหมาบริการ', 'OUT', 'uploads/20260424_164347_69eb3b5392e70.jpg', '2026-04-24 09:43:47'),
(326, 'เสาวณีย์  บัวโทน', 'ข้าราชการ', 'OUT', 'uploads/20260424_164401_69eb3b61ae420.jpg', '2026-04-24 09:44:02'),
(327, 'นัชชา แนวบุตร', 'จ้างเหมาบริการ', 'OUT', 'uploads/20260424_164505_69eb3ba16706a.jpg', '2026-04-24 09:45:05'),
(328, 'ณพัสรา มารยาท', 'จ้างเหมาบริการ', 'OUT', 'uploads/20260424_164630_69eb3bf61f7da.jpg', '2026-04-24 09:46:30'),
(329, 'น.ส.นิภารัตน์  คีรีธาร', 'พนักงานราชการ', 'OUT', 'uploads/20260424_164809_69eb3c59cf05d.jpg', '2026-04-24 09:48:09'),
(330, 'หัสดี อินทร', 'จ้างเหมาบริการ', 'OUT', 'uploads/20260424_164920_69eb3ca09f01a.jpg', '2026-04-24 09:49:20'),
(331, 'นางมิคสิรมาศ  เมิดจันทึก', 'ข้าราชการ', 'OUT', 'uploads/20260424_165025_69eb3ce17faee.jpg', '2026-04-24 09:50:25'),
(332, 'สุภาพร ไตรเวช', 'จ้างเหมาบริการ', 'OUT', 'uploads/20260424_165303_69eb3d7fb2685.jpg', '2026-04-24 09:53:03'),
(333, 'กมลพร อินตา', 'พนักงานราชการ', 'OUT', 'uploads/20260424_165544_69eb3e2015157.jpg', '2026-04-24 09:55:44'),
(334, 'ณัทณลันย์ แสนโสม', 'พนักงานราชการ', 'OUT', 'uploads/20260424_165934_69eb3f061af6a.jpg', '2026-04-24 09:59:34'),
(335, 'กาญจนา ป่าณคำ', 'พนักงานราชการ', 'OUT', 'uploads/20260424_170451_69eb404394772.jpg', '2026-04-24 10:04:51'),
(336, 'พลังพล ชื่นชอบ', 'จ้างเหมาบริการ', 'OUT', 'uploads/20260424_172050_69eb4402bf031.jpg', '2026-04-24 10:20:50'),
(337, 'จักรกรินทร์ มัทธะปานัง', 'จ้างเหมาบริการ', 'OUT', 'uploads/20260424_174053_69eb48b50a2b0.jpg', '2026-04-24 10:40:53'),
(338, 'ขวัญทอง  บัวงาม', 'จ้างเหมาบริการ', 'OUT', 'uploads/20260424_175405_69eb4bcdb56d2.jpg', '2026-04-24 10:54:05'),
(339, 'รัชดาภร บัวงาม', 'พนักงานราชการ', 'OUT', 'uploads/20260424_175840_69eb4ce01a53c.jpg', '2026-04-24 10:58:40'),
(340, 'นายหัสชัย สินภักดี', 'พนักงานราชการ', 'OUT', 'uploads/20260424_204758_69eb748e15159.jpg', '2026-04-24 13:47:58'),
(341, 'จารึก  เนตยกุช', 'พนักงานราชการ', 'OUT', 'uploads/20260424_213417_69eb7f695cddb.jpg', '2026-04-24 14:34:17'),
(342, 'สุทธวีร์ วงศ์สายธาร', 'จ้างเหมาบริการ', 'IN', 'uploads/20260425_073103_69ec0b4778efb.jpg', '2026-04-25 00:31:03'),
(343, 'ปราณี  ดวงเงิน', 'จ้างเหมาบริการ', 'IN', 'uploads/20260425_073615_69ec0c7f1f6b2.jpg', '2026-04-25 00:36:15'),
(344, 'รุ่งทิพย์ คงตระกูล', 'จ้างเหมาบริการ', 'IN', 'uploads/20260425_073818_69ec0cfac5300.jpg', '2026-04-25 00:38:18'),
(345, 'เทพไท สุขเรือน', 'จ้างเหมาบริการ', 'IN', 'uploads/20260425_074336_69ec0e38b8b76.jpg', '2026-04-25 00:43:36'),
(346, 'พงษ์ศักดิ์  แป้งนวล', 'จ้างเหมาบริการ', 'IN', 'uploads/20260425_074743_69ec0f2f01d20.jpg', '2026-04-25 00:47:43'),
(347, 'ชัยยศ จันทร์เฑียร', 'จ้างเหมาบริการ', 'IN', 'uploads/20260425_075356_69ec10a44485d.jpg', '2026-04-25 00:53:56'),
(348, 'วสันต์ กลั่นประสิทธิ์', 'จ้างเหมาบริการ', 'IN', 'uploads/20260425_082541_69ec1815412a1.jpg', '2026-04-25 01:25:41'),
(349, 'พงษ์ศักดิ์  แป้งนวล', 'จ้างเหมาบริการ', 'OUT', 'uploads/20260425_163144_69ec8a000d93c.jpg', '2026-04-25 09:31:44'),
(350, 'วสันต์ กลั่นประสิทธิ์', 'จ้างเหมาบริการ', 'OUT', 'uploads/20260425_163251_69ec8a43bf9c2.jpg', '2026-04-25 09:32:51'),
(351, 'ชัยยศ จันทร์เฑียร', 'จ้างเหมาบริการ', 'OUT', 'uploads/20260425_163538_69ec8aeaa2470.jpg', '2026-04-25 09:35:38'),
(352, 'สุทธวีร์ วงศ์สายธาร', 'จ้างเหมาบริการ', 'OUT', 'uploads/20260425_163638_69ec8b26d6242.jpg', '2026-04-25 09:36:38'),
(353, 'รุ่งทิพย์ คงตระกูล', 'จ้างเหมาบริการ', 'OUT', 'uploads/20260425_163954_69ec8beae3b9d.jpg', '2026-04-25 09:39:54'),
(354, 'เทพไท สุจเรือน', 'จ้างเหมาบริการ', 'OUT', 'uploads/20260425_164639_69ec8d7f80a6a.jpg', '2026-04-25 09:46:39'),
(355, 'ปราณี  ดวงเงิน', 'จ้างเหมาบริการ', 'OUT', 'uploads/20260425_194954_69ecb8724915b.jpg', '2026-04-25 12:49:54'),
(356, 'นายกิตติศักดิ์  สุดาทิพย์', 'ข้าราชการ', 'IN', 'uploads/20260427_070126_69eea7569824e.jpg', '2026-04-27 00:01:26'),
(357, 'รัชดาภร บัวงาม', 'พนักงานราชการ', 'IN', 'uploads/20260427_071011_69eea9637e5a3.jpg', '2026-04-27 00:10:11'),
(358, 'สุทธวีร์ วงศ์สายธาร', 'จ้างเหมาบริการ', 'IN', 'uploads/20260427_071413_69eeaa5576dde.jpg', '2026-04-27 00:14:13'),
(359, 'ชัยยศ จันทร์เฑียร', 'จ้างเหมาบริการ', 'IN', 'uploads/20260427_072537_69eead0104ac0.jpg', '2026-04-27 00:25:37'),
(360, 'นางมิคสิรมาศ  เมิดจันทึก', 'ข้าราชการ', 'IN', 'uploads/20260427_073312_69eeaec8cf266.jpg', '2026-04-27 00:33:12'),
(361, 'วสันต์ กลั่นประสิทธิ์', 'จ้างเหมาบริการ', 'IN', 'uploads/20260427_073439_69eeaf1f3e1bb.jpg', '2026-04-27 00:34:39'),
(362, 'สุภาภรณ์ สานอก', 'พนักงานราชการ', 'IN', 'uploads/20260427_074347_69eeb14372859.jpg', '2026-04-27 00:43:47'),
(363, 'นางสาวสิริลักษณ์ ชูกาญจนพิทักษ์', 'ข้าราชการ', 'IN', 'uploads/20260427_074735_69eeb227af0ff.jpg', '2026-04-27 00:47:35'),
(364, 'เสาวณีย์. บัวโทน', 'ข้าราชการ', 'IN', 'uploads/20260427_075301_69eeb36d4c432.jpg', '2026-04-27 00:53:01'),
(365, 'สำเริง   มากบริบูรณ์', 'จ้างเหมาบริการ', 'IN', 'uploads/20260427_075430_69eeb3c64e6e8.jpg', '2026-04-27 00:54:30'),
(366, 'นางสาวชมภูนุช  รัตนา', 'ข้าราชการ', 'IN', 'uploads/20260427_080006_69eeb51649440.jpg', '2026-04-27 01:00:06'),
(367, 'ดวงมาลย์ รอดทอง', 'ข้าราชการ', 'IN', 'uploads/20260427_080150_69eeb57e9a59c.jpg', '2026-04-27 01:01:50'),
(368, 'กมลพร อินตา', 'พนักงานราชการ', 'IN', 'uploads/20260427_080417_69eeb6113f683.jpg', '2026-04-27 01:04:17'),
(369, 'ธนวัฒน์ กันทะถ้ำ', 'ข้าราชการ', 'IN', 'uploads/20260427_082141_69eeba2596c01.jpg', '2026-04-27 01:21:41'),
(370, 'มยุรี อดุลย์เดข', 'พนักงานราชการ', 'IN', 'uploads/20260427_082242_69eeba6214472.jpg', '2026-04-27 01:22:42'),
(371, 'นายกฤษชัย  ใจกล้า', 'ข้าราชการ', 'IN', 'uploads/20260427_082603_69eebb2be1c82.jpg', '2026-04-27 01:26:03'),
(372, 'สุทธวีร์ วงศ์สายธาร', 'จ้างเหมาบริการ', 'OUT', 'uploads/20260427_163630_69ef2e1eef6f8.jpg', '2026-04-27 09:36:30'),
(373, 'ชัยยศ จันทร์เฑียร', 'จ้างเหมาบริการ', 'OUT', 'uploads/20260427_163741_69ef2e65db52c.jpg', '2026-04-27 09:37:41'),
(374, 'นางมิคสิรมาศ  เมิดจันทึก', 'ข้าราชการ', 'OUT', 'uploads/20260427_164007_69ef2ef7aa7cf.jpg', '2026-04-27 09:40:07'),
(375, 'ดวงมาลย์ รอดทอง', 'ข้าราชการ', 'OUT', 'uploads/20260427_164357_69ef2fddd8cfa.jpg', '2026-04-27 09:43:57'),
(376, 'กมลพร อินตา', 'พนักงานราชการ', 'OUT', 'uploads/20260427_164814_69ef30de0c863.jpg', '2026-04-27 09:48:14'),
(377, 'วสันต์ กลั่นประสิทธิ์', 'จ้างเหมาบริการ', 'OUT', 'uploads/20260427_170046_69ef33ce7ec5d.jpg', '2026-04-27 10:00:46'),
(378, 'นายกิตติศักดิ์  สุดาทิพย์', 'ข้าราชการ', 'OUT', 'uploads/20260427_170051_69ef33d387373.jpg', '2026-04-27 10:00:51'),
(379, 'นางสาวชมภูนุช  รัตนา', 'ข้าราชการ', 'OUT', 'uploads/20260427_173059_69ef3ae36de23.jpg', '2026-04-27 10:30:59'),
(380, 'มยุรี อดุลย์เดช', 'พนักงานราชการ', 'OUT', 'uploads/20260427_174418_69ef3e02dace5.jpg', '2026-04-27 10:44:18'),
(381, 'สำเริง   มากบริบูรณ์', 'จ้างเหมาบริการ', 'OUT', 'uploads/20260427_182951_69ef48af7ecc7.jpg', '2026-04-27 11:29:51'),
(382, 'สุภาภรณ์ สานอก', 'พนักงานราชการ', 'OUT', 'uploads/20260427_185627_69ef4eeb5f862.jpg', '2026-04-27 11:56:27'),
(383, 'รัชดาภร บัวงาม', 'พนักงานราชการ', 'OUT', 'uploads/20260427_191433_69ef53292c463.jpg', '2026-04-27 12:14:33'),
(384, 'นายกฤษชัย  ใจกล้า', 'ข้าราชการ', 'OUT', 'uploads/20260427_220329_69ef7ac1d5a09.jpg', '2026-04-27 15:03:29'),
(385, 'กาญจนา ป่าณคำ', 'พนักงานราชการ', 'IN', 'uploads/20260428_070632_69effa081fe17.jpg', '2026-04-28 00:06:32'),
(386, 'กมลพร อินตา', 'พนักงานราชการ', 'IN', 'uploads/20260428_080328_69f00760efb0b.jpg', '2026-04-28 01:03:28'),
(387, 'มยุรี อดุลย์เดช', 'พนักงานราชการ', 'IN', 'uploads/20260428_082739_69f00d0b4184d.jpg', '2026-04-28 01:27:39'),
(388, 'กาญจนา ป่าณคำ', 'พนักงานราชการ', 'OUT', 'uploads/20260428_163341_69f07ef50f97c.jpg', '2026-04-28 09:33:41'),
(389, 'มยุรี อดุลย์เดช', 'พนักงานราชการ', 'OUT', 'uploads/20260428_163605_69f07f856743c.jpg', '2026-04-28 09:36:05'),
(390, 'กมลพร อินตา', 'พนักงานราชการ', 'OUT', 'uploads/20260428_165002_69f082ca297cf.jpg', '2026-04-28 09:50:02'),
(391, 'นายวีระะชาติ แวดไธสง', 'พนักงานราชการ', 'IN', 'uploads/20260429_070937_69f14c41bb296.jpg', '2026-04-29 00:09:37'),
(392, 'อนุธิดา สุระโคตร', 'พนักงานราชการ', 'IN', 'uploads/20260429_072312_69f14f7024644.jpg', '2026-04-29 00:23:12'),
(393, 'วสันต์ กลั่นประสิทธิ์', 'จ้างเหมาบริการ', 'IN', 'uploads/20260429_073318_69f151ce82889.jpg', '2026-04-29 00:33:18'),
(394, 'มยุรี อดุลย์เดช', 'พนักงานราชการ', 'IN', 'uploads/20260429_083516_69f16054c72d3.jpg', '2026-04-29 01:35:16'),
(395, 'อนุธิดา สุระโคตร', 'พนักงานราชการ', 'OUT', 'uploads/20260429_163843_69f1d1a3cf758.jpg', '2026-04-29 09:38:43'),
(396, 'วสันต์ กลั่นประสิทธิ์', 'จ้างเหมาบริการ', 'OUT', 'uploads/20260429_163919_69f1d1c7989ff.jpg', '2026-04-29 09:39:19'),
(397, 'นายวีระะชาติ แวดไธสง', 'พนักงานราชการ', 'OUT', 'uploads/20260429_164832_69f1d3f013a86.jpg', '2026-04-29 09:48:32'),
(398, 'มยุรี  อดุลย์เดช', 'พนักงานราชการ', 'OUT', 'uploads/20260429_173619_69f1df232ce54.jpg', '2026-04-29 10:36:19'),
(399, 'สุภาภรณ์ สานอก', 'พนักงานราชการ', 'IN', 'uploads/20260430_064135_69f2972f814d3.jpg', '2026-04-29 23:41:35'),
(400, 'นางสาวสิริลักษณ์ ชูกาญจนพิทักษ์', 'ข้าราชการ', 'IN', 'uploads/20260430_072549_69f2a18ddeea1.jpg', '2026-04-30 00:25:49'),
(401, 'นายหัสชัย สินภักดี', 'พนักงานราชการ', 'IN', 'uploads/20260430_074513_69f2a619c15b2.jpg', '2026-04-30 00:45:13'),
(402, 'นายพงศ์สวัสดิ์  จ่างจิตต์', 'ข้าราชการ', 'IN', 'uploads/20260430_075124_69f2a78cb05f6.jpg', '2026-04-30 00:51:24'),
(403, 'นายหัสชัย สินภักดี', 'พนักงานราชการ', 'OUT', 'uploads/20260430_202606_69f3586e69c2b.jpg', '2026-04-30 13:26:06'),
(404, 'นางสาวสิริลักษณ์ ชูกาญจนพิทักษ์', 'ข้าราชการ', 'OUT', 'uploads/20260430_202615_69f35877d6087.jpg', '2026-04-30 13:26:15'),
(405, 'สุภาภรณ์ สานอก', 'พนักงานราชการ', 'OUT', 'uploads/20260430_202749_69f358d557509.jpg', '2026-04-30 13:27:49');

-- --------------------------------------------------------

--
-- Table structure for table `daily_expenses`
--

CREATE TABLE `daily_expenses` (
  `id` int(11) NOT NULL,
  `daily_reconciliation_id` int(11) NOT NULL,
  `description` varchar(255) NOT NULL,
  `amount` decimal(10,2) NOT NULL DEFAULT 0.00,
  `created_by` int(11) DEFAULT NULL,
  `created_at` datetime DEFAULT current_timestamp(),
  `updated_by` int(11) DEFAULT NULL,
  `updated_at` datetime DEFAULT current_timestamp() ON UPDATE current_timestamp()
) ENGINE=InnoDB DEFAULT CHARSET=utf8mb4 COLLATE=utf8mb4_unicode_ci;

-- --------------------------------------------------------

--
-- Table structure for table `daily_reconciliations`
--

CREATE TABLE `daily_reconciliations` (
  `id` int(11) NOT NULL,
  `reconciliation_date` date NOT NULL,
  `carry_forward_cash` decimal(10,2) DEFAULT 0.00,
  `total_expected_sales` decimal(10,2) DEFAULT 0.00,
  `total_expenses` decimal(10,2) DEFAULT 0.00,
  `total_defect_amount` decimal(10,2) DEFAULT 0.00,
  `actual_cash_amount` decimal(10,2) DEFAULT 0.00,
  `actual_transfer_amount` decimal(10,2) DEFAULT 0.00,
  `difference_amount` decimal(10,2) DEFAULT 0.00,
  `status` enum('draft','completed') DEFAULT 'draft',
  `created_by` int(11) DEFAULT NULL,
  `created_at` datetime DEFAULT current_timestamp(),
  `updated_by` int(11) DEFAULT NULL,
  `updated_at` datetime DEFAULT current_timestamp() ON UPDATE current_timestamp()
) ENGINE=InnoDB DEFAULT CHARSET=utf8mb4 COLLATE=utf8mb4_unicode_ci;

--
-- Dumping data for table `daily_reconciliations`
--

INSERT INTO `daily_reconciliations` (`id`, `reconciliation_date`, `carry_forward_cash`, `total_expected_sales`, `total_expenses`, `total_defect_amount`, `actual_cash_amount`, `actual_transfer_amount`, `difference_amount`, `status`, `created_by`, `created_at`, `updated_by`, `updated_at`) VALUES
(2, '2026-04-30', 0.00, 0.00, 0.00, 0.00, 0.00, 0.00, 0.00, 'draft', 4, '2026-04-30 23:59:23', NULL, '2026-04-30 23:59:23'),
(4, '2026-05-01', 0.00, 280.00, 0.00, 0.00, 280.00, 0.00, 0.00, 'completed', 4, '2026-05-01 00:09:31', 4, '2026-05-01 00:17:06');

-- --------------------------------------------------------

--
-- Table structure for table `daily_stock_counts`
--

CREATE TABLE `daily_stock_counts` (
  `id` int(11) NOT NULL,
  `daily_reconciliation_id` int(11) NOT NULL,
  `product_id` int(11) NOT NULL,
  `opening_qty` int(11) DEFAULT 0,
  `added_qty` int(11) DEFAULT 0,
  `lost_damaged_qty` int(11) DEFAULT 0,
  `discounted_qty` int(11) DEFAULT 0,
  `closing_qty` int(11) DEFAULT 0,
  `calculated_sold_qty` int(11) DEFAULT 0,
  `expected_revenue` decimal(10,2) DEFAULT 0.00,
  `created_by` int(11) DEFAULT NULL,
  `created_at` datetime DEFAULT current_timestamp(),
  `updated_by` int(11) DEFAULT NULL,
  `updated_at` datetime DEFAULT current_timestamp() ON UPDATE current_timestamp()
) ENGINE=InnoDB DEFAULT CHARSET=utf8mb4 COLLATE=utf8mb4_unicode_ci;

--
-- Dumping data for table `daily_stock_counts`
--

INSERT INTO `daily_stock_counts` (`id`, `daily_reconciliation_id`, `product_id`, `opening_qty`, `added_qty`, `lost_damaged_qty`, `discounted_qty`, `closing_qty`, `calculated_sold_qty`, `expected_revenue`, `created_by`, `created_at`, `updated_by`, `updated_at`) VALUES
(5, 2, 3, 12, 0, 0, 0, 0, 0, 0.00, NULL, '2026-04-30 23:59:23', NULL, '2026-04-30 23:59:23'),
(6, 2, 4, 12, 0, 0, 0, 0, 0, 0.00, NULL, '2026-04-30 23:59:23', NULL, '2026-04-30 23:59:23'),
(7, 2, 5, 20, 0, 0, 0, 0, 0, 0.00, NULL, '2026-04-30 23:59:23', NULL, '2026-04-30 23:59:23'),
(8, 2, 6, 12, 0, 0, 0, 0, 0, 0.00, NULL, '2026-04-30 23:59:23', NULL, '2026-04-30 23:59:23'),
(13, 4, 3, 12, 0, 1, 0, 10, 1, 60.00, NULL, '2026-05-01 00:09:31', 4, '2026-05-01 00:17:06'),
(14, 4, 4, 12, 0, 0, 0, 12, 0, 0.00, NULL, '2026-05-01 00:09:31', 4, '2026-05-01 00:15:28'),
(15, 4, 5, 20, 0, 0, 0, 15, 5, 200.00, NULL, '2026-05-01 00:09:31', 4, '2026-05-01 00:17:06'),
(16, 4, 6, 12, 0, 0, 0, 11, 1, 20.00, NULL, '2026-05-01 00:09:31', 4, '2026-05-01 00:17:06');

-- --------------------------------------------------------

--
-- Table structure for table `item_owners`
--

CREATE TABLE `item_owners` (
  `id` int(11) NOT NULL,
  `name` varchar(100) NOT NULL,
  `gp_rate` decimal(5,2) DEFAULT 15.00,
  `created_by` int(11) DEFAULT NULL,
  `created_at` datetime DEFAULT current_timestamp(),
  `updated_by` int(11) DEFAULT NULL,
  `updated_at` datetime DEFAULT current_timestamp() ON UPDATE current_timestamp()
) ENGINE=InnoDB DEFAULT CHARSET=utf8mb4 COLLATE=utf8mb4_unicode_ci;

--
-- Dumping data for table `item_owners`
--

INSERT INTO `item_owners` (`id`, `name`, `gp_rate`, `created_by`, `created_at`, `updated_by`, `updated_at`) VALUES
(1, 'จั่น', 15.00, 4, '2026-04-30 11:10:44', NULL, '2026-04-30 11:10:44'),
(2, 'ทิพ', 15.00, 4, '2026-04-30 11:10:54', NULL, '2026-04-30 11:10:54'),
(3, 'หญิง', 15.00, 4, '2026-04-30 11:10:59', NULL, '2026-04-30 11:10:59'),
(5, 'thetoy', 0.00, 4, '2026-04-30 11:13:16', 4, '2026-04-30 11:27:18');

-- --------------------------------------------------------

--
-- Table structure for table `locations`
--

CREATE TABLE `locations` (
  `id` int(11) NOT NULL,
  `name` varchar(100) NOT NULL,
  `type` enum('front','storage') DEFAULT 'front',
  `created_by` int(11) DEFAULT NULL,
  `created_at` datetime DEFAULT current_timestamp(),
  `updated_by` int(11) DEFAULT NULL,
  `updated_at` datetime DEFAULT current_timestamp() ON UPDATE current_timestamp()
) ENGINE=InnoDB DEFAULT CHARSET=utf8mb4 COLLATE=utf8mb4_unicode_ci;

--
-- Dumping data for table `locations`
--

INSERT INTO `locations` (`id`, `name`, `type`, `created_by`, `created_at`, `updated_by`, `updated_at`) VALUES
(1, 'ชั้นหน้าร้าน', 'front', NULL, '2026-04-30 10:43:06', NULL, '2026-04-30 10:43:06'),
(2, 'ตู้เก็บของ', 'storage', NULL, '2026-04-30 10:43:06', NULL, '2026-04-30 10:43:06');

-- --------------------------------------------------------

--
-- Table structure for table `owner_monthly_settlements`
--

CREATE TABLE `owner_monthly_settlements` (
  `id` int(11) NOT NULL,
  `owner_id` int(11) NOT NULL,
  `settlement_month` varchar(7) NOT NULL,
  `total_sales_amount` decimal(10,2) DEFAULT 0.00,
  `gp_rate_applied` decimal(5,2) DEFAULT 15.00,
  `gp_amount` decimal(10,2) DEFAULT 0.00,
  `net_sales_amount` decimal(10,2) DEFAULT 0.00,
  `total_withdrawals` decimal(10,2) DEFAULT 0.00,
  `net_payable_amount` decimal(10,2) DEFAULT 0.00,
  `status` enum('pending','paid') DEFAULT 'pending',
  `created_by` int(11) DEFAULT NULL,
  `created_at` datetime DEFAULT current_timestamp(),
  `updated_by` int(11) DEFAULT NULL,
  `updated_at` datetime DEFAULT current_timestamp() ON UPDATE current_timestamp()
) ENGINE=InnoDB DEFAULT CHARSET=utf8mb4 COLLATE=utf8mb4_unicode_ci;

-- --------------------------------------------------------

--
-- Table structure for table `owner_withdrawals`
--

CREATE TABLE `owner_withdrawals` (
  `id` int(11) NOT NULL,
  `owner_id` int(11) NOT NULL,
  `withdrawal_date` date NOT NULL,
  `amount` decimal(10,2) NOT NULL DEFAULT 0.00,
  `note` varchar(255) DEFAULT NULL,
  `created_by` int(11) DEFAULT NULL,
  `created_at` datetime DEFAULT current_timestamp(),
  `updated_by` int(11) DEFAULT NULL,
  `updated_at` datetime DEFAULT current_timestamp() ON UPDATE current_timestamp()
) ENGINE=InnoDB DEFAULT CHARSET=utf8mb4 COLLATE=utf8mb4_unicode_ci;

-- --------------------------------------------------------

--
-- Table structure for table `products`
--

CREATE TABLE `products` (
  `id` int(11) NOT NULL,
  `barcode` varchar(100) DEFAULT NULL,
  `name` varchar(255) NOT NULL,
  `price` int(11) NOT NULL DEFAULT 0,
  `cost` decimal(10,2) NOT NULL DEFAULT 0.00,
  `storage_qty` int(11) DEFAULT 0,
  `front_qty` int(11) DEFAULT 0,
  `owner_id` int(11) DEFAULT NULL,
  `status` enum('active','inactive') DEFAULT 'active',
  `image` varchar(255) DEFAULT NULL,
  `created_by` int(11) DEFAULT NULL,
  `created_at` datetime DEFAULT current_timestamp(),
  `updated_by` int(11) DEFAULT NULL,
  `updated_at` datetime DEFAULT current_timestamp() ON UPDATE current_timestamp()
) ENGINE=InnoDB DEFAULT CHARSET=utf8mb4 COLLATE=utf8mb4_unicode_ci;

--
-- Dumping data for table `products`
--

INSERT INTO `products` (`id`, `barcode`, `name`, `price`, `cost`, `storage_qty`, `front_qty`, `owner_id`, `status`, `image`, `created_by`, `created_at`, `updated_by`, `updated_at`) VALUES
(3, 'TOY177752322371', 'ปีกนางฟ้า', 60, 25.00, 24, 10, 5, 'active', 'product_1777523223_904.webp', 4, '2026-04-30 11:27:03', 4, '2026-05-06 12:37:41'),
(4, 'TOY177752351657', 'สปริงเรนโบ', 30, 14.75, 12, 12, 5, 'active', 'product_1777523516_650.webp', 4, '2026-04-30 11:31:56', 6, '2026-05-01 17:46:33'),
(5, 'TOY177752368227', 'ไพ่ UNO', 40, 20.00, 16, 15, 5, 'active', 'product_1777523682_234.webp', 4, '2026-04-30 11:34:42', 6, '2026-05-01 17:46:23'),
(6, 'TOY177754475932', 'เกมส์ตัวเลข', 20, 7.00, 12, 11, 5, 'active', 'product_1777632373_894.webp', 4, '2026-04-30 17:25:59', 6, '2026-05-01 17:46:13'),
(7, 'TOY177804632142', 'รูบิค (สีพาสเทล)', 65, 25.00, 0, 0, 5, 'active', NULL, 4, '2026-05-06 12:45:21', NULL, '2026-05-06 12:45:21'),
(8, 'TOY177804637095', 'สติ๊กเกอร์กันน้ำ', 5, 20.00, 0, 0, 5, 'active', NULL, 4, '2026-05-06 12:46:10', NULL, '2026-05-06 12:46:10'),
(9, 'TOY177804639112', 'Pokemon Card', 9, 20.00, 0, 0, 5, 'active', NULL, 4, '2026-05-06 12:46:31', NULL, '2026-05-06 12:46:31'),
(10, 'TOY177804641455', 'โยโย่', 13, 30.00, 0, 0, 5, 'active', NULL, 4, '2026-05-06 12:46:54', NULL, '2026-05-06 12:46:54'),
(11, 'TOY177804642829', 'เป่าฟอง', 5, 20.00, 0, 0, 5, 'active', NULL, 4, '2026-05-06 12:47:08', NULL, '2026-05-06 12:47:08'),
(12, 'TOY177804644378', 'เกมส์งับนิ้ว', 55, 120.00, 0, 0, 5, 'active', NULL, 4, '2026-05-06 12:47:23', NULL, '2026-05-06 12:47:23'),
(13, 'TOY177804646451', 'เกมส์กล่องใหญ่บิงโก', 45, 100.00, 0, 0, 5, 'active', NULL, 4, '2026-05-06 12:47:44', NULL, '2026-05-06 12:47:44'),
(14, 'TOY177804647762', 'เกมส์กล่องใหญ่ เศรษฐี', 45, 100.00, 0, 0, 5, 'active', NULL, 4, '2026-05-06 12:47:57', NULL, '2026-05-06 12:47:57'),
(15, 'TOY177804654273', 'โดมิโน่ กล่อง', 45, 100.00, 0, 0, 5, 'active', NULL, 4, '2026-05-06 12:49:02', NULL, '2026-05-06 12:49:02'),
(16, 'TOY177804655480', 'กระดานเขียน', 130, 260.00, 0, 0, 5, 'active', NULL, 4, '2026-05-06 12:49:14', NULL, '2026-05-06 12:49:14'),
(17, 'TOY177804657086', 'รถบังคับ ร้านชั้นเดียว', 120, 280.00, 0, 0, 5, 'active', NULL, 4, '2026-05-06 12:49:30', NULL, '2026-05-06 12:49:30'),
(18, 'TOY177804659651', 'ตึกถล่ม', 75, 160.00, 0, 0, 5, 'active', NULL, 4, '2026-05-06 12:49:56', NULL, '2026-05-06 12:49:56'),
(19, 'TOY177804660971', 'กิ๊บซาริโอ้', 5, 10.00, 0, 0, 5, 'active', NULL, 4, '2026-05-06 12:50:09', NULL, '2026-05-06 12:50:09'),
(20, 'TOY177804664037', 'ลูกปัด', 45, 0.00, 0, 0, 1, 'active', NULL, 4, '2026-05-06 12:50:40', NULL, '2026-05-06 12:50:40'),
(21, 'TOY177804665394', 'ไดโนเสาร์งับนิ้ว', 30, 0.00, 0, 0, 1, 'active', NULL, 4, '2026-05-06 12:50:53', NULL, '2026-05-06 12:50:53'),
(22, 'TOY177804667143', 'ไดโนเสาร์ฟอสซิล', 45, 0.00, 0, 0, 1, 'active', NULL, 4, '2026-05-06 12:51:11', NULL, '2026-05-06 12:51:11'),
(23, 'TOY177804670383', 'ชุดตกแต่งกิ๊บแพ็คถุง', 35, 0.00, 0, 0, 1, 'active', NULL, 4, '2026-05-06 12:51:43', NULL, '2026-05-06 12:51:43'),
(24, 'TOY177804672250', 'ไข่ไดโนเสาร์', 35, 0.00, 0, 0, 1, 'active', NULL, 4, '2026-05-06 12:52:02', NULL, '2026-05-06 12:52:02'),
(25, 'TOY177804673263', 'ตุ๊กตาลาบูบู้', 60, 0.00, 0, 0, 1, 'active', NULL, 4, '2026-05-06 12:52:12', NULL, '2026-05-06 12:52:12'),
(26, 'TOY177804674422', 'ตุ๊กตาแครแบร', 120, 0.00, 0, 0, 1, 'active', NULL, 4, '2026-05-06 12:52:24', NULL, '2026-05-06 12:52:24'),
(27, 'TOY177804675432', 'ตุ๊กตาคายเบบี้', 100, 0.00, 0, 0, 1, 'active', NULL, 4, '2026-05-06 12:52:34', NULL, '2026-05-06 12:52:34'),
(28, 'TOY177804676538', 'หมากเก็บ', 25, 0.00, 0, 0, 1, 'active', NULL, 4, '2026-05-06 12:52:45', NULL, '2026-05-06 12:52:45'),
(29, 'TOY177804677537', 'ไข่ไดโนเสาร์ สี', 45, 0.00, 0, 0, 1, 'active', NULL, 4, '2026-05-06 12:52:55', NULL, '2026-05-06 12:52:55'),
(30, 'TOY177804679259', 'ระบายสี', 25, 0.00, 0, 0, 1, 'active', NULL, 4, '2026-05-06 12:53:12', NULL, '2026-05-06 12:53:12'),
(31, 'TOY177804690147', 'กระดานแม่เหล็ก', 50, 100.00, 0, 0, 5, 'active', NULL, 4, '2026-05-06 12:55:01', NULL, '2026-05-06 12:55:01'),
(32, 'TOY177804691788', 'บิงโก กล่องเล็ก', 30, 13.00, 0, 0, 5, 'active', NULL, 4, '2026-05-06 12:55:17', NULL, '2026-05-06 12:55:17'),
(33, 'TOY177804693545', 'Spinner เล็ก (10)', 20, 9.00, 0, 0, 5, 'active', NULL, 4, '2026-05-06 12:55:35', NULL, '2026-05-06 12:55:35'),
(34, 'TOY177804695136', 'สูตรคูณจิ๋ว', 9, 15.00, 0, 0, 5, 'active', NULL, 4, '2026-05-06 12:55:51', NULL, '2026-05-06 12:55:51'),
(35, 'TOY177804696225', 'สเก็ตบอร์ด', 9, 20.00, 0, 0, 5, 'active', NULL, 4, '2026-05-06 12:56:02', NULL, '2026-05-06 12:56:02'),
(36, 'TOY177804697918', 'ไข่ขี้เกียจ', 25, 13.00, 0, 0, 5, 'active', NULL, 4, '2026-05-06 12:56:19', NULL, '2026-05-06 12:56:19'),
(37, 'TOY177804699033', 'โมเดลรถ', 40, 21.00, 0, 0, 5, 'active', NULL, 4, '2026-05-06 12:56:30', NULL, '2026-05-06 12:56:30'),
(38, 'TOY177804700542', 'Spinner (แผง15)', 30, 13.00, 0, 0, 5, 'active', NULL, 4, '2026-05-06 12:56:45', NULL, '2026-05-06 12:56:45'),
(39, 'TOY177804702478', 'บอลตาข่าย เรืองแสง(10)', 25, 9.00, 0, 0, 5, 'active', NULL, 4, '2026-05-06 12:57:04', NULL, '2026-05-06 12:57:04'),
(40, 'TOY177804704458', 'บอลน้ำ', 25, 9.00, 0, 0, 5, 'active', NULL, 4, '2026-05-06 12:57:24', NULL, '2026-05-06 12:57:24'),
(41, 'TOY177804706017', 'Card นักบอล', 20, 9.00, 0, 0, 5, 'active', NULL, 4, '2026-05-06 12:57:40', NULL, '2026-05-06 12:57:40'),
(42, 'TOY177804707546', 'ท่อป๊อป', 30, 13.00, 0, 0, 5, 'active', NULL, 4, '2026-05-06 12:57:55', NULL, '2026-05-06 12:57:55'),
(43, 'TOY177804710377', 'กังหันมือหมุน (5)', 15, 5.00, 0, 0, 5, 'active', NULL, 4, '2026-05-06 12:58:23', NULL, '2026-05-06 12:58:23'),
(44, 'TOY177804713088', 'เลเซอร์', 35, 17.00, 0, 0, 5, 'active', NULL, 4, '2026-05-06 12:58:50', NULL, '2026-05-06 12:58:50'),
(45, 'TOY177804715767', 'ทาบะสกุชชี่(10)', 20, 9.00, 0, 0, 5, 'active', NULL, 4, '2026-05-06 12:59:17', NULL, '2026-05-06 12:59:17'),
(46, 'TOY177804716846', 'Card ตุงตุง', 20, 5.00, 0, 0, 5, 'active', NULL, 4, '2026-05-06 12:59:28', NULL, '2026-05-06 12:59:28'),
(47, 'TOY177804724114', 'Card Pokemon Plus', 25, 13.00, 0, 0, 5, 'active', NULL, 4, '2026-05-06 13:00:41', NULL, '2026-05-06 13:00:41'),
(48, 'TOY177804725444', 'กดช๊อต', 60, 30.00, 0, 0, 5, 'active', NULL, 4, '2026-05-06 13:00:54', NULL, '2026-05-06 13:00:54'),
(49, 'TOY177804726741', 'บิงโกหมุน กล่องสีชมพู', 180, 0.00, 0, 0, 5, 'active', NULL, 4, '2026-05-06 13:01:07', NULL, '2026-05-06 13:01:07'),
(50, 'TOY177804732140', 'นาฬิกาเด็ก', 40, 0.00, 0, 0, 2, 'active', NULL, 4, '2026-05-06 13:02:01', NULL, '2026-05-06 13:02:01'),
(51, 'TOY177804734077', 'มีดสปริงดำ', 20, 5.00, 0, 0, 2, 'active', NULL, 4, '2026-05-06 13:02:20', NULL, '2026-05-06 13:02:20'),
(52, 'TOY177804736668', 'กระจก', 15, 0.00, 0, 0, 2, 'active', NULL, 4, '2026-05-06 13:02:46', NULL, '2026-05-06 13:02:46'),
(53, 'TOY177804738286', 'ปืน', 60, 0.00, 0, 0, 2, 'active', NULL, 4, '2026-05-06 13:03:02', NULL, '2026-05-06 13:03:02'),
(54, 'TOY177804739641', 'ธนู', 60, 0.00, 0, 0, 2, 'active', NULL, 4, '2026-05-06 13:03:16', NULL, '2026-05-06 13:03:16'),
(55, 'TOY177804742358', 'พวงกุญแจ หมีเนย', 25, 0.00, 0, 0, 3, 'active', NULL, 4, '2026-05-06 13:03:43', NULL, '2026-05-06 13:03:43'),
(56, 'TOY177804743515', 'พวงกุญแจ มอลลี่(นักบินอวกาศ)', 20, 0.00, 0, 0, 3, 'active', NULL, 4, '2026-05-06 13:03:55', NULL, '2026-05-06 13:03:55'),
(57, 'TOY177804744777', 'พวงกุญแจ เบบี้ทรี', 30, 0.00, 0, 0, 3, 'active', NULL, 4, '2026-05-06 13:04:07', NULL, '2026-05-06 13:04:07'),
(58, 'TOY177804746039', 'พวงกุญแจ เรซิ่นเบบี๋', 30, 0.00, 0, 0, 3, 'active', NULL, 4, '2026-05-06 13:04:20', NULL, '2026-05-06 13:04:20'),
(59, 'TOY177804747732', 'พวงกุญแจ เด็กผู้หญิง', 30, 0.00, 0, 0, 3, 'active', NULL, 4, '2026-05-06 13:04:37', NULL, '2026-05-06 13:04:37'),
(60, 'TOY177804748769', 'พวงกุญแจ แมว', 35, 0.00, 0, 0, 3, 'active', NULL, 4, '2026-05-06 13:04:47', NULL, '2026-05-06 13:04:47'),
(61, 'TOY177804750642', 'พวงกุญแจ หมู', 30, 0.00, 0, 0, 3, 'active', NULL, 4, '2026-05-06 13:05:06', NULL, '2026-05-06 13:05:06'),
(62, 'TOY177804751948', 'เข็มกลัด', 10, 0.00, 0, 0, 3, 'active', NULL, 4, '2026-05-06 13:05:19', NULL, '2026-05-06 13:05:19'),
(63, 'TOY177804753051', 'ซองใส่ดินสอ', 10, 0.00, 0, 0, 3, 'active', NULL, 4, '2026-05-06 13:05:30', NULL, '2026-05-06 13:05:30'),
(64, 'TOY177804754248', 'สติ๊กเกอร์ tattoo', 10, 0.00, 0, 0, 3, 'active', NULL, 4, '2026-05-06 13:05:42', NULL, '2026-05-06 13:05:42'),
(65, 'TOY177804755444', 'พวงกุญแจดาว', 25, 0.00, 0, 0, 3, 'active', NULL, 4, '2026-05-06 13:05:54', NULL, '2026-05-06 13:05:54'),
(66, 'TOY177804756412', 'หนังสติ๊กไดโนเสาร์', 20, 0.00, 0, 0, 3, 'active', NULL, 4, '2026-05-06 13:06:04', NULL, '2026-05-06 13:06:04'),
(67, 'TOY177804757830', 'กระเป๋าตัง', 20, 0.00, 0, 0, 3, 'active', NULL, 4, '2026-05-06 13:06:18', NULL, '2026-05-06 13:06:18'),
(68, 'TOY177804759057', 'แมวดำ', 50, 0.00, 0, 0, 3, 'active', NULL, 4, '2026-05-06 13:06:30', NULL, '2026-05-06 13:06:30'),
(69, 'TOY177804761214', 'พวงกุญแจหมา', 50, 0.00, 0, 0, 3, 'active', NULL, 4, '2026-05-06 13:06:52', NULL, '2026-05-06 13:06:52'),
(70, 'TOY177804762291', 'กระเป๋าใบใหญ่', 60, 0.00, 0, 0, 3, 'active', NULL, 4, '2026-05-06 13:07:02', NULL, '2026-05-06 13:07:02');

-- --------------------------------------------------------

--
-- Table structure for table `roles`
--

CREATE TABLE `roles` (
  `role_id` int(11) NOT NULL,
  `role_name` varchar(50) NOT NULL
) ENGINE=InnoDB DEFAULT CHARSET=utf8mb4 COLLATE=utf8mb4_general_ci;

--
-- Dumping data for table `roles`
--

INSERT INTO `roles` (`role_id`, `role_name`) VALUES
(1, 'ผู้ดูแลระบบ'),
(2, 'บัญชี'),
(3, 'พนักงานขาย/ผู้ใช้ทั่วไป'),
(4, 'ระงับการใช้งาน');

-- --------------------------------------------------------

--
-- Table structure for table `users`
--

CREATE TABLE `users` (
  `id` int(11) NOT NULL,
  `username` varchar(50) NOT NULL,
  `password` varchar(255) NOT NULL,
  `fullname` varchar(100) DEFAULT NULL,
  `role_id` int(11) NOT NULL DEFAULT 4,
  `allowed_app` enum('thetoy','yencha','all') NOT NULL DEFAULT 'yencha',
  `created_at` timestamp NULL DEFAULT current_timestamp(),
  `status` enum('active','inactive') DEFAULT 'active',
  `created_by` int(11) DEFAULT NULL,
  `updated_by` int(11) DEFAULT NULL,
  `updated_at` timestamp NULL DEFAULT current_timestamp() ON UPDATE current_timestamp()
) ENGINE=InnoDB DEFAULT CHARSET=utf8mb4 COLLATE=utf8mb4_general_ci;

--
-- Dumping data for table `users`
--

INSERT INTO `users` (`id`, `username`, `password`, `fullname`, `role_id`, `allowed_app`, `created_at`, `status`, `created_by`, `updated_by`, `updated_at`) VALUES
(4, 'conankup', '$2y$10$71eKJuqLYamb6dPzOX/5VOJQ4KnVzophlVYYBzXA/jjPCsMD/GEvy', 'Jaruk Nattayakun', 1, 'all', '2026-04-03 01:39:02', 'active', NULL, NULL, '2026-04-30 03:43:06'),
(5, 'nice', '$2y$10$6HVrCoUiKLhZQ9lv7RirjeeXToAGxIy0AyMsTJlYPsgmjrQwiCOV2', 'พฤกริษา เงินถา', 3, 'all', '2026-04-03 15:19:30', 'active', NULL, NULL, '2026-05-01 10:42:44'),
(6, 'jaruk', '$2y$10$2ccM6pywATKQN0dhVHQI9.uzlHo2rXI4lfPQDLOUpSKvVMAloccBa', 'จารึก เนตยกุล', 3, 'all', '2026-04-04 15:50:36', 'active', NULL, NULL, '2026-05-01 10:43:14'),
(7, 'shido0036', '$2y$10$2hjIZfqXsDGG24sQbqzDxuriptaL7sWCkPUFfqhFANyXYN9.9o/7u', 'Chollathis kongsasana', 1, 'yencha', '2026-04-04 18:03:17', 'active', NULL, NULL, '2026-04-30 03:43:06'),
(8, 'ying', '$2y$10$1KJPLNiym.fngaNzq.DFTuW35r3jB1idNcoQ0eMuTxDAck5zGpEwG', 'supaporn sanok', 2, 'all', '2026-04-05 04:08:10', 'active', NULL, NULL, '2026-05-01 10:42:16'),
(9, 'Thiwa', '$2y$10$kly83IUY48QQjhCo4rTFweGA6dAHvpZa41M5TQDcstFismvhfj8t6', 'ทิวา เทษาวงค์', 3, 'yencha', '2026-04-08 08:16:20', 'active', NULL, NULL, '2026-04-30 03:43:06');

-- --------------------------------------------------------

--
-- Table structure for table `yencha_ingredients`
--

CREATE TABLE `yencha_ingredients` (
  `id` int(11) NOT NULL,
  `name` varchar(255) NOT NULL,
  `unit` varchar(50) NOT NULL COMMENT 'หน่วยบรรจุที่ใช้ตัดสต็อก เช่น ถุง, ขวด, กล่อง',
  `stock_qty` decimal(10,2) DEFAULT 0.00 COMMENT 'จำนวนหน่วยบรรจุคงเหลือปัจจุบัน',
  `min_qty` decimal(10,2) DEFAULT 2.00 COMMENT 'จุดแจ้งเตือนเมื่อเหลือน้อย',
  `quantity_per_unit` decimal(10,2) DEFAULT 1.00 COMMENT 'ปริมาณเนื้อในต่อ 1 หน่วยบรรจุ (เช่น 500)',
  `purchase_price` decimal(10,2) DEFAULT 0.00 COMMENT 'ราคาล่าสุดในหน้าวัตถุดิบ',
  `base_unit_name` varchar(50) DEFAULT 'กรัม' COMMENT 'ชื่อหน่วยย่อย (เช่น กรัม, มล.)',
  `created_at` timestamp NULL DEFAULT current_timestamp(),
  `updated_at` timestamp NULL DEFAULT current_timestamp() ON UPDATE current_timestamp(),
  `is_active` tinyint(1) DEFAULT 1
) ENGINE=InnoDB DEFAULT CHARSET=utf8mb4 COLLATE=utf8mb4_general_ci;

--
-- Dumping data for table `yencha_ingredients`
--

INSERT INTO `yencha_ingredients` (`id`, `name`, `unit`, `stock_qty`, `min_qty`, `quantity_per_unit`, `purchase_price`, `base_unit_name`, `created_at`, `updated_at`, `is_active`) VALUES
(1, 'โกโก้ (ทิวลิป)', 'ถุง', 2.00, 0.00, 440.00, 195.00, 'กรัม', '2026-04-05 05:56:37', '2026-05-02 10:02:39', 1),
(2, 'ครีมเทียม (มิสเตอร์เชฟ)', 'ถุง', 4.00, 0.00, 1000.00, 0.00, 'กรัม', '2026-04-05 05:59:32', '2026-05-06 10:19:06', 1),
(3, 'ชาเขียว (ตรามือ)', 'ถุง', 2.00, 1.00, 200.00, 73.00, 'กรัม', '2026-04-05 06:00:37', '2026-05-03 16:20:04', 1),
(4, 'ชาไต้หวัน (ตรามือ)', 'ถุง', 9.00, 1.00, 250.00, 79.33, 'กรัม', '2026-04-05 06:01:36', '2026-05-02 12:53:18', 1),
(5, 'ชาพีช (ลองบีช)', 'ถุง', 1.00, 0.00, 900.00, 150.00, 'กรัม', '2026-04-05 06:28:04', '2026-05-02 10:01:22', 1),
(6, 'ชามะลิ (เทนจู)', 'ถุง', 2.00, 1.00, 600.00, 141.00, 'กรัม', '2026-04-05 06:29:22', '2026-04-08 08:06:55', 1),
(7, 'โซดา (สิงห์)', 'ขวด', 0.00, 4.00, 325.00, 0.00, 'มล.', '2026-04-05 06:30:24', '2026-04-08 05:09:56', 0),
(8, 'โซดา (ร็อคเมาเท็น)', 'ขวด', 78.00, 4.00, 325.00, 7.50, 'มล.', '2026-04-05 06:31:30', '2026-05-06 10:21:25', 1),
(9, 'ไซรัป กีวี่ (ติ่งฟง)', 'ขวด', 1.00, 0.00, 760.00, 69.16, 'มล.', '2026-04-05 06:32:58', '2026-04-08 09:11:39', 1),
(10, 'ไซรัป คาราเมล (ติ่งฟง)', 'ขวด', 2.00, 0.00, 730.00, 85.00, 'มล.', '2026-04-05 06:34:22', '2026-05-02 09:58:47', 1),
(11, 'ไซรัป น้ำผึ้งมะนาว (ติ่งฟง)', 'ขวด', 1.00, 0.00, 760.00, 75.00, 'มล.', '2026-04-05 06:35:21', '2026-05-03 09:04:28', 1),
(12, 'ไซรัป บราวน์ซูการ์ (ติ่งฟง)', 'ขวด', 2.00, 1.00, 760.00, 75.00, 'มล.', '2026-04-05 06:36:31', '2026-05-03 10:16:03', 1),
(13, 'ไซรัป บลูเบอรี่ (ติ่งฟง)', 'ขวด', 1.00, 0.00, 760.00, 75.00, 'มล.', '2026-04-05 06:37:36', '2026-05-02 09:58:16', 1),
(14, 'ไซรัป บลูฮาวาย (ติ่งผง)', 'ขวด', 1.00, 0.00, 760.00, 69.16, 'มล.', '2026-04-05 06:38:09', '2026-04-08 09:12:29', 1),
(15, 'ไซรัป บ๊วย (ติ่งฟง)', 'ขวด', 2.00, 0.00, 760.00, 75.00, 'มล.', '2026-04-05 06:38:44', '2026-05-02 09:57:33', 1),
(16, 'ไซรัป ลิ้นจี่ (ติ่งฟง)', 'ขวด', 1.00, 0.00, 760.00, 69.16, 'มล.', '2026-04-05 06:39:18', '2026-04-20 10:14:38', 1),
(17, 'ไซรัป สตอเบอรี่ (ติ่งฟง)', 'ขวด', 2.00, 1.00, 760.00, 0.00, 'มล.', '2026-04-05 06:40:36', '2026-05-02 12:52:45', 1),
(18, 'ไซรัป ส้ม (ติ่งฟง)', 'ขวด', 1.00, 0.00, 760.00, 69.16, 'มล.', '2026-04-05 06:40:57', '2026-04-08 09:13:54', 1),
(19, 'ไซรัป สัปปะรด (ติ่งฟง)', 'ขวด', 1.00, 0.00, 760.00, 69.16, 'มล.', '2026-04-05 06:41:44', '2026-04-08 09:13:42', 1),
(20, 'ไซรัป เสาวรส (ติ่งฟง)', 'ขวด', 1.00, 0.00, 760.00, 69.16, 'มล.', '2026-04-05 06:42:15', '2026-04-08 09:14:20', 1),
(21, 'ไซรัป องุ่น (ติ่งฟง)', 'ขวด', 0.00, 0.00, 760.00, 69.16, 'มล.', '2026-04-05 06:42:45', '2026-05-04 15:32:49', 1),
(22, 'ไซรัป แอปเปิ้ล (ติ่งฟง)', 'ขวด', 1.00, 0.00, 760.00, 69.16, 'มล.', '2026-04-05 06:43:07', '2026-04-08 09:14:14', 1),
(23, 'นมข้นหวาน (กู๊ดวิล)', 'ถุง', 6.00, 1.00, 1000.00, 90.00, 'มล.', '2026-04-05 06:43:51', '2026-05-06 07:34:45', 1),
(24, 'นมผง (ดรีมมี่)', 'ถุง', 25.00, 1.00, 1000.00, 80.25, 'กรัม', '2026-04-05 06:44:35', '2026-04-15 12:52:32', 1),
(25, 'นมสด (กู๊ดวิล)', 'กล่อง', 19.00, 3.00, 1000.00, 47.00, 'มล.', '2026-04-05 06:45:36', '2026-05-06 10:19:39', 1),
(26, 'น้ำเขียว (เฮลซ์บลูบอย)', 'ขวด', 1.00, 0.00, 710.00, 65.00, 'มล.', '2026-04-05 06:46:24', '2026-05-02 10:05:31', 1),
(27, 'น้ำแดง (เฮลซ์บลูบอย)', 'ขวด', 3.00, 0.00, 710.00, 65.00, 'มล.', '2026-04-05 06:47:51', '2026-05-02 12:53:51', 1),
(28, 'น้ำตาลทรายขาว (วังขนาย)', 'ถุง', 24.00, 2.00, 1000.00, 26.00, 'กรัม', '2026-04-05 06:48:25', '2026-05-05 14:45:00', 1),
(29, 'น้ำผึ้ง', 'ขวด', 2.00, 1.00, 1000.00, 100.00, 'มล.', '2026-04-05 06:48:49', '2026-05-02 09:55:38', 1),
(30, 'ผงกาแฟ (เนสกาแฟ เรดคัพ)', 'ถุง', 2.00, 1.00, 220.00, 155.00, 'กรัม', '2026-04-05 06:49:31', '2026-05-02 12:53:26', 1),
(31, 'บุกบราวน์ชูการ์ (หงส์ลี่)', 'ถุง', 0.00, 1.00, 900.00, 42.00, 'กรัม', '2026-04-05 06:50:22', '2026-05-03 10:14:11', 1),
(32, 'ผงกล้วย (ติ่งฟง)', 'ถุง', 1.00, 0.00, 900.00, 133.00, 'กรัม', '2026-04-05 06:51:18', '2026-04-08 09:21:10', 1),
(33, 'ผงแคนตาลูป (ติ่งฟง)', 'ถุง', 1.00, 0.00, 900.00, 133.00, 'กรัม', '2026-04-05 06:52:03', '2026-04-21 07:11:24', 1),
(34, 'ผงสตอเบอรี่ (ติ่งฟง)', 'ถุง', 1.00, 0.00, 900.00, 145.00, 'กรัม', '2026-04-05 06:52:35', '2026-05-02 10:03:27', 1),
(35, 'ผงเผือก (ติ่งฟง)', 'ถุง', 1.00, 0.00, 900.00, 133.00, 'กรัม', '2026-04-05 06:52:58', '2026-04-08 09:21:50', 1),
(36, 'ผงมะนาว (คนอร์)', 'ถุง', 1.00, 0.00, 400.00, 90.00, 'กรัม', '2026-04-05 06:53:39', '2026-04-21 07:06:53', 1),
(37, 'โอวัลติน', 'ถุง', 1.00, 0.00, 1000.00, 155.00, 'กรัม', '2026-04-05 06:54:57', '2026-04-08 09:21:44', 1),
(38, 'ไข่มุก (โตรจัน)', 'ถุง', 19.00, 2.00, 1000.00, 35.00, 'กรัม', '2026-04-05 06:55:27', '2026-05-06 15:57:54', 1),
(39, 'แป๊บซี่', 'ขวด', 38.00, 4.00, 345.00, 11.10, 'มล.', '2026-04-05 07:08:40', '2026-05-03 09:06:36', 1),
(40, 'โค้ก', 'ขวด', 37.00, 4.00, 330.00, 11.50, 'มล.', '2026-04-05 07:09:23', '2026-05-05 14:45:14', 1),
(41, 'น้ำเปล่า (ทิพย์)', 'ขวด', 16.00, 3.00, 550.00, 3.30, 'มล.', '2026-04-05 07:40:15', '2026-05-03 09:06:53', 1),
(42, 'ชาไทย (ตรามือ)', 'ถุง', 1.00, 1.00, 200.00, 73.00, 'กรัม', '2026-04-07 02:33:14', '2026-05-05 14:44:54', 1),
(43, 'แก้ว 22 ออนซ์', 'แถว', 6.00, 1.00, 50.00, 44.00, 'ใบ', '2026-04-09 07:14:35', '2026-05-06 10:19:21', 1),
(44, 'หลอดไข่มุก', 'ห่อ', 6.00, 1.00, 100.00, 35.00, 'หลอด', '2026-04-09 07:16:15', '2026-05-06 07:35:10', 1),
(45, 'หลอดปลายแหลม', 'ห่อ', 5.00, 0.00, 100.00, 17.00, 'หลอด', '2026-04-09 07:16:50', '2026-05-06 07:35:02', 1),
(46, 'ถุงใส่แก้ว 22 ออนซ์', 'แพ็ค', 19.00, 1.00, 50.00, 20.00, 'ใบ', '2026-04-09 10:24:25', '2026-05-06 10:19:32', 1),
(47, 'ซีนแก้ว', 'แถว', 2.00, 0.00, 2800.00, 245.00, 'ชิ้น', '2026-04-09 10:32:45', '2026-04-09 10:35:48', 1),
(48, 'ถุงหิ้ว 6x14', 'แพ็ค', 2.00, 1.00, 100.00, 50.00, 'ชิ้น', '2026-04-09 10:38:23', '2026-05-05 14:44:48', 1),
(49, 'แก้ว 32 ออนซ์ + ฝา', 'แถว', 3.00, 1.00, 50.00, 90.00, 'ชิ้น', '2026-04-09 10:44:54', '2026-05-02 10:00:20', 1),
(50, 'ฝาโดม 116 (ใส่แก้วโอ่ง)', 'แถว', 0.00, 0.00, 50.00, 0.00, 'ใบ', '2026-04-09 10:46:19', '2026-04-10 07:18:26', 0),
(51, 'ฝาโดม 95 (ใส่แก้วชาปกติ)', 'แถว', 1.00, 0.00, 100.00, 45.00, 'ใบ', '2026-04-09 10:47:07', '2026-04-21 07:10:44', 1),
(52, 'ถุงสายเดี่ยว (ใส่แก้วโอ่ง)', 'แพ็ค', 1.00, 0.00, 50.00, 22.00, 'ชิ้น', '2026-04-09 10:48:28', '2026-05-03 03:26:01', 1),
(53, 'ถุงขยะ 24x28 aro', 'แพ็ค', 1.00, 1.00, 1.00, 69.00, '', '2026-05-03 09:09:32', '2026-05-03 09:10:23', 1);

-- --------------------------------------------------------

--
-- Table structure for table `yencha_menus`
--

CREATE TABLE `yencha_menus` (
  `id` int(11) NOT NULL,
  `menu_name` varchar(255) NOT NULL,
  `sell_price` decimal(10,2) NOT NULL DEFAULT 0.00,
  `is_active` tinyint(1) DEFAULT 1 COMMENT '1=ขายอยู่, 0=เลิกขาย',
  `created_at` timestamp NULL DEFAULT current_timestamp()
) ENGINE=InnoDB DEFAULT CHARSET=utf8mb4 COLLATE=utf8mb4_general_ci;

-- --------------------------------------------------------

--
-- Table structure for table `yencha_recipes`
--

CREATE TABLE `yencha_recipes` (
  `id` int(11) NOT NULL,
  `menu_id` int(11) NOT NULL,
  `ingredient_id` int(11) NOT NULL,
  `usage_qty` decimal(10,2) NOT NULL COMMENT 'ปริมาณที่ใช้ต่อ 1 แก้ว (หน่วยตามตาราง ingredients)'
) ENGINE=InnoDB DEFAULT CHARSET=utf8mb4 COLLATE=utf8mb4_general_ci;

-- --------------------------------------------------------

--
-- Table structure for table `yencha_stock_log`
--

CREATE TABLE `yencha_stock_log` (
  `id` int(11) NOT NULL,
  `ingredient_id` int(11) NOT NULL,
  `type` enum('in','out') NOT NULL COMMENT 'in = รับเข้า, out = เบิกออก',
  `qty` decimal(10,2) NOT NULL,
  `price_at_time` decimal(10,2) DEFAULT 0.00 COMMENT 'เก็บราคาที่ซื้อจริงในหน้าประวัติ',
  `old_qty` decimal(10,2) NOT NULL COMMENT 'สต็อกก่อนเปลี่ยน',
  `new_qty` decimal(10,2) NOT NULL COMMENT 'สต็อกหลังเปลี่ยน',
  `user_id` int(11) NOT NULL,
  `note` varchar(255) DEFAULT NULL,
  `created_at` timestamp NULL DEFAULT current_timestamp(),
  `status` enum('active','canceled') DEFAULT 'active' COMMENT 'ยกเลิก หรือใช้งานรายการนี้'
) ENGINE=InnoDB DEFAULT CHARSET=utf8mb4 COLLATE=utf8mb4_general_ci;

--
-- Dumping data for table `yencha_stock_log`
--

INSERT INTO `yencha_stock_log` (`id`, `ingredient_id`, `type`, `qty`, `price_at_time`, `old_qty`, `new_qty`, `user_id`, `note`, `created_at`, `status`) VALUES
(1, 15, 'in', 1.00, 70.00, 0.00, 1.00, 8, 'ปฐมพร 5/4/69 [ยกเลิกโดย UID: 4 เมื่อ 05/04/2026 14:13]', '2026-04-05 06:56:55', 'active'),
(2, 16, 'in', 1.00, 70.00, 0.00, 1.00, 8, 'ปฐมพร 5/4/69', '2026-04-05 06:58:20', 'active'),
(3, 15, 'in', 1.00, 70.00, 0.01, 1.01, 8, 'ปฐมพร 5/4/69 [ยกเลิกโดย UID: 4 เมื่อ 05/04/2026 14:13]', '2026-04-05 06:58:42', 'canceled'),
(4, 27, 'in', 1.00, 65.00, 0.00, 1.00, 8, 'ปฐมพร 5/4/69', '2026-04-05 06:59:16', 'active'),
(5, 26, 'in', 1.00, 65.00, 0.00, 1.00, 8, 'ปฐมพร 5/4/69', '2026-04-05 06:59:49', 'active'),
(6, 33, 'in', 1.00, 142.00, 0.00, 1.00, 8, 'ปฐมพร 5/4/69', '2026-04-05 07:00:17', 'active'),
(7, 11, 'in', 1.00, 70.00, 0.00, 1.00, 8, 'ร้านปฐมพร 4/4/69', '2026-04-05 07:10:47', 'active'),
(8, 12, 'in', 1.00, 70.00, 0.00, 1.00, 8, 'ปฐมพร 4/4/2569', '2026-04-05 07:12:46', 'active'),
(9, 36, 'in', 1.00, 80.00, 0.00, 1.00, 8, 'ปฐมพร 4/4/2569', '2026-04-05 07:13:22', 'active'),
(10, 12, 'in', 1.00, 70.00, 1.00, 2.00, 8, '', '2026-04-05 07:14:12', 'active'),
(11, 4, 'in', 4.00, 90.00, 0.00, 4.00, 8, ' [ยกเลิกโดยคุณ conankup เมื่อ 05/04/2026 14:19]', '2026-04-05 07:15:20', 'active'),
(12, 6, 'in', 1.00, 160.00, 0.00, 1.00, 8, '', '2026-04-05 07:16:25', 'active'),
(13, 24, 'in', 2.00, 115.00, 0.00, 2.00, 8, '', '2026-04-05 07:16:47', 'active'),
(14, 30, 'in', 1.00, 150.00, 0.00, 1.00, 8, '', '2026-04-05 07:23:33', 'active'),
(15, 12, 'in', 1.00, 70.00, 2.00, 3.00, 8, '', '2026-04-05 07:24:31', 'active'),
(16, 38, 'in', 2.00, 35.00, 0.00, 2.00, 8, '', '2026-04-05 07:24:48', 'active'),
(17, 3, 'in', 1.00, 70.00, 0.00, 1.00, 8, '', '2026-04-05 07:25:14', 'active'),
(18, 23, 'in', 15.00, 90.00, 0.00, 15.00, 8, '', '2026-04-05 07:26:14', 'active'),
(19, 25, 'in', 8.00, 43.33, 0.00, 8.00, 8, '', '2026-04-05 07:27:17', 'active'),
(20, 28, 'in', 6.00, 27.00, 0.00, 6.00, 8, '', '2026-04-05 07:29:09', 'active'),
(21, 38, 'in', 8.00, 35.00, 2.00, 10.00, 8, '', '2026-04-05 07:29:33', 'active'),
(22, 17, 'in', 2.00, 70.00, 0.00, 2.00, 8, '', '2026-04-05 07:29:54', 'active'),
(23, 2, 'in', 3.00, 90.00, 0.00, 3.00, 8, '', '2026-04-05 07:30:16', 'active'),
(24, 4, 'in', 2.00, 70.00, 0.00, 2.00, 8, '', '2026-04-05 07:30:35', 'active'),
(25, 3, 'in', 4.00, 70.00, 1.00, 5.00, 8, '', '2026-04-05 07:30:51', 'active'),
(26, 30, 'in', 2.00, 150.00, 1.00, 3.00, 8, '', '2026-04-05 07:31:27', 'active'),
(27, 39, 'in', 24.00, 11.05, 0.00, 24.00, 8, '', '2026-04-05 07:34:07', 'active'),
(28, 40, 'in', 24.00, 11.46, 0.00, 24.00, 8, '', '2026-04-05 07:35:12', 'active'),
(29, 41, 'in', 10.00, 100.00, 0.00, 10.00, 6, 'ทดสอบ [ยกเลิกโดยคุณ jaruk เมื่อ 05/04/2026 14:46]', '2026-04-05 07:40:38', 'canceled'),
(30, 25, 'out', 2.00, 0.00, 8.00, 6.00, 8, '', '2026-04-07 02:30:18', 'active'),
(31, 23, 'out', 4.00, 0.00, 15.00, 11.00, 8, '', '2026-04-07 02:30:58', 'active'),
(32, 28, 'out', 1.00, 0.00, 6.00, 5.00, 8, '', '2026-04-07 02:32:02', 'active'),
(33, 42, 'in', 2.00, 70.00, 0.00, 2.00, 8, '', '2026-04-07 02:33:58', 'active'),
(34, 3, 'out', 1.00, 0.00, 5.00, 4.00, 8, '', '2026-04-07 02:34:57', 'active'),
(35, 4, 'in', 1.00, 95.00, 2.00, 3.00, 8, '', '2026-04-07 02:35:47', 'active'),
(36, 38, 'out', 4.00, 0.00, 10.00, 6.00, 8, '', '2026-04-07 02:36:50', 'active'),
(37, 1, 'in', 2.00, 195.00, 0.00, 2.00, 8, '', '2026-04-07 02:37:50', 'active'),
(38, 8, 'in', 10.00, 7.50, 0.00, 10.00, 8, '', '2026-04-07 02:38:44', 'active'),
(39, 2, 'out', 1.00, 0.00, 3.00, 2.00, 8, '', '2026-04-07 02:39:22', 'active'),
(40, 13, 'in', 1.00, 70.00, 0.00, 1.00, 8, '', '2026-04-07 02:40:33', 'active'),
(41, 12, 'out', 1.00, 0.00, 3.00, 2.00, 8, '', '2026-04-07 02:41:06', 'active'),
(42, 30, 'out', 2.00, 0.00, 3.00, 1.00, 8, '', '2026-04-07 02:42:48', 'active'),
(43, 40, 'out', 3.00, 0.00, 24.00, 21.00, 8, '', '2026-04-07 02:43:41', 'active'),
(44, 39, 'out', 1.00, 0.00, 24.00, 23.00, 8, '', '2026-04-07 02:43:55', 'active'),
(45, 41, 'in', 7.00, 4.17, 0.00, 7.00, 8, '', '2026-04-07 02:48:20', 'active'),
(46, 37, 'in', 1.00, 155.00, 0.00, 1.00, 4, '', '2026-04-07 03:15:20', 'active'),
(47, 8, 'out', 7.00, 0.00, 10.00, 3.00, 4, '', '2026-04-08 05:08:52', 'active'),
(48, 23, 'in', 8.00, 82.00, 11.00, 19.00, 8, 'Shopee', '2026-04-08 06:48:00', 'active'),
(49, 23, 'in', 8.00, 82.00, 19.00, 27.00, 8, 'Shopee', '2026-04-08 06:49:56', 'active'),
(50, 30, 'in', 3.00, 142.00, 1.00, 4.00, 8, 'Shopee', '2026-04-08 06:52:45', 'active'),
(51, 6, 'in', 1.00, 141.00, 1.00, 2.00, 8, 'Shopee', '2026-04-08 08:06:55', 'active'),
(52, 32, 'in', 1.00, 133.00, 0.00, 1.00, 8, 'Shopee', '2026-04-08 08:08:21', 'active'),
(53, 33, 'in', 1.00, 133.00, 1.00, 2.00, 8, 'Shopee', '2026-04-08 08:08:50', 'active'),
(54, 34, 'in', 1.00, 132.00, 0.00, 1.00, 8, 'Shopee', '2026-04-08 08:09:06', 'active'),
(55, 35, 'in', 1.00, 133.00, 0.00, 1.00, 8, 'Shopee', '2026-04-08 08:09:57', 'active'),
(56, 28, 'in', 4.00, 999.00, 5.00, 9.00, 4, ' [ยกเลิกโดยคุณ conankup เมื่อ 08/04/2026 16:27]', '2026-04-08 08:16:49', 'canceled'),
(57, 38, 'in', 6.00, 35.00, 6.00, 12.00, 4, '', '2026-04-08 08:18:10', 'active'),
(58, 23, 'out', 1.00, 0.00, 27.00, 26.00, 9, '', '2026-04-08 08:18:39', 'active'),
(59, 23, 'in', 1.00, 90.00, 26.00, 27.00, 4, '', '2026-04-08 08:18:50', 'active'),
(60, 25, 'out', 1.00, 0.00, 6.00, 5.00, 9, '', '2026-04-08 08:18:54', 'active'),
(61, 40, 'out', 1.00, 0.00, 21.00, 20.00, 9, '', '2026-04-08 08:19:12', 'active'),
(62, 25, 'in', 4.00, 43.33, 5.00, 9.00, 4, '', '2026-04-08 08:19:29', 'active'),
(63, 27, 'in', 1.00, 65.00, 1.00, 2.00, 4, 'ปฐมพร', '2026-04-08 08:20:25', 'active'),
(64, 26, 'in', 1.00, 65.00, 1.00, 2.00, 4, 'ปฐมพร', '2026-04-08 08:21:11', 'active'),
(65, 29, 'in', 2.00, 100.00, 0.00, 2.00, 4, 'ปฐมพร', '2026-04-08 08:22:10', 'active'),
(66, 10, 'in', 1.00, 85.00, 0.00, 1.00, 4, '', '2026-04-08 08:22:33', 'active'),
(67, 13, 'in', 1.00, 70.00, 1.00, 2.00, 4, 'ปฐมพร', '2026-04-08 08:23:09', 'active'),
(68, 8, 'out', 1.00, 0.00, 3.00, 2.00, 9, '', '2026-04-08 08:25:22', 'active'),
(69, 20, 'in', 1.00, 69.16, 0.00, 1.00, 4, 'ปฐมพร ราคายกลัง', '2026-04-08 08:27:05', 'active'),
(70, 16, 'in', 1.00, 69.16, 1.00, 2.00, 4, 'ปฐมพร ราคายกลัง', '2026-04-08 08:27:30', 'active'),
(71, 11, 'in', 1.00, 69.16, 1.00, 2.00, 4, 'ปฐมพร ราคายกลัง', '2026-04-08 08:28:00', 'active'),
(72, 15, 'in', 1.00, 69.16, 0.00, 1.00, 4, 'ปฐมพร ราคายกลัง', '2026-04-08 08:28:24', 'active'),
(73, 9, 'in', 1.00, 69.16, 0.00, 1.00, 4, 'ปฐมพร ราคายกลัง', '2026-04-08 08:28:46', 'active'),
(74, 18, 'in', 1.00, 69.16, 0.00, 1.00, 4, 'ปฐมพร ราคายกลัง', '2026-04-08 08:29:06', 'active'),
(75, 17, 'in', 1.00, 69.16, 2.00, 3.00, 4, 'ปฐมพร ราคายกลัง', '2026-04-08 08:29:30', 'active'),
(76, 22, 'in', 1.00, 69.16, 0.00, 1.00, 4, 'ปฐมพร ราคายกลัง', '2026-04-08 08:29:47', 'active'),
(77, 19, 'in', 1.00, 69.16, 0.00, 1.00, 4, 'ปฐมพร ราคายกลัง', '2026-04-08 08:30:07', 'active'),
(78, 21, 'in', 1.00, 69.16, 0.00, 1.00, 4, 'ปฐมพร ราคายกลัง', '2026-04-08 08:30:30', 'active'),
(79, 14, 'in', 1.00, 69.16, 0.00, 1.00, 4, 'ปฐมพร ราคายกลัง', '2026-04-08 08:30:59', 'active'),
(80, 8, 'in', 24.00, 7.50, 2.00, 26.00, 4, '', '2026-04-08 08:32:31', 'active'),
(81, 28, 'in', 4.00, 27.00, 5.00, 9.00, 4, '', '2026-04-08 09:28:18', 'active'),
(82, 8, 'out', 1.00, 0.00, 26.00, 25.00, 5, '', '2026-04-08 16:09:07', 'active'),
(83, 1, 'out', 1.00, 0.00, 2.00, 1.00, 5, '', '2026-04-08 16:09:28', 'active'),
(84, 25, 'out', 1.00, 0.00, 9.00, 8.00, 5, '', '2026-04-08 16:10:03', 'active'),
(85, 40, 'out', 1.00, 0.00, 20.00, 19.00, 5, '', '2026-04-08 16:11:03', 'active'),
(86, 40, 'out', 2.00, 0.00, 19.00, 17.00, 4, 'ยอดขายของวันที่ 7 \r\nที่หญิงลงระบบวันที่7 3ขวด จะเป็นยอดของวันที่5', '2026-04-08 16:53:59', 'active'),
(87, 25, 'out', 1.00, 0.00, 8.00, 7.00, 4, 'เป็นยอดของวันที่ 6', '2026-04-08 16:56:06', 'active'),
(88, 25, 'out', 1.00, 0.00, 7.00, 6.00, 9, '', '2026-04-09 07:06:29', 'active'),
(89, 40, 'out', 1.00, 0.00, 17.00, 16.00, 9, '', '2026-04-09 07:07:00', 'active'),
(90, 28, 'out', 1.00, 0.00, 9.00, 8.00, 9, '', '2026-04-09 07:07:21', 'active'),
(91, 38, 'out', 1.00, 0.00, 12.00, 11.00, 9, '', '2026-04-09 07:07:47', 'active'),
(92, 24, 'in', 12.00, 89.58, 2.00, 14.00, 8, 'Shopee', '2026-04-09 07:11:29', 'active'),
(93, 44, 'in', 2.00, 35.00, 0.00, 2.00, 8, '', '2026-04-09 07:17:35', 'active'),
(94, 45, 'in', 1.00, 20.00, 0.00, 1.00, 8, '', '2026-04-09 07:17:54', 'active'),
(95, 43, 'in', 8.00, 50.00, 0.00, 8.00, 8, '', '2026-04-09 07:18:52', 'active'),
(96, 24, 'in', 12.00, 80.25, 14.00, 26.00, 8, 'Shopee [ยกเลิกโดยคุณ ying เมื่อ 09/04/2026 17:07]', '2026-04-09 07:56:24', 'canceled'),
(97, 4, 'in', 12.00, 79.33, 3.00, 15.00, 8, 'Shopee', '2026-04-09 07:57:22', 'active'),
(98, 8, 'out', 2.00, 0.00, 25.00, 23.00, 9, '', '2026-04-09 08:14:31', 'active'),
(99, 38, 'out', 1.00, 0.00, 11.00, 10.00, 4, 'นับยอดวันที่ 9 ขาดไปนึงเลยทำเบิกออก', '2026-04-09 09:44:54', 'active'),
(100, 23, 'out', 1.00, 0.00, 27.00, 26.00, 4, 'เกินมา 1 ถุงไม่รู้เกินจากไหน', '2026-04-09 09:55:35', 'active'),
(101, 28, 'out', 1.00, 0.00, 8.00, 7.00, 4, 'ยอดเกิน 1', '2026-04-09 09:56:22', 'active'),
(102, 2, 'out', 1.00, 0.00, 2.00, 1.00, 4, 'เกินมา 1', '2026-04-09 09:57:45', 'active'),
(103, 27, 'out', 1.00, 0.00, 2.00, 1.00, 4, 'เกิน 1', '2026-04-09 09:58:10', 'active'),
(104, 11, 'out', 1.00, 0.00, 2.00, 1.00, 4, 'เกิน1', '2026-04-09 10:00:45', 'active'),
(105, 33, 'out', 1.00, 0.00, 2.00, 1.00, 4, 'เกิน 1', '2026-04-09 10:02:12', 'active'),
(106, 46, 'in', 32.00, 20.00, 0.00, 32.00, 4, '', '2026-04-09 10:26:24', 'active'),
(107, 47, 'in', 2.00, 245.00, 0.00, 2.00, 4, '1 ม้วนมี 2,800', '2026-04-09 10:35:48', 'active'),
(108, 8, 'out', 1.00, 0.00, 23.00, 22.00, 5, '', '2026-04-09 15:52:39', 'active'),
(109, 43, 'out', 1.00, 0.00, 8.00, 7.00, 5, '', '2026-04-09 15:52:48', 'active'),
(110, 17, 'out', 1.00, 0.00, 3.00, 2.00, 5, '', '2026-04-09 15:52:59', 'active'),
(111, 24, 'in', 12.00, 80.25, 14.00, 26.00, 8, 'Shopee', '2026-04-10 07:17:34', 'active'),
(112, 25, 'out', 1.00, 0.00, 6.00, 5.00, 9, '', '2026-04-10 07:55:35', 'active'),
(113, 23, 'out', 1.00, 0.00, 26.00, 25.00, 9, '', '2026-04-10 07:55:43', 'active'),
(114, 39, 'out', 1.00, 0.00, 23.00, 22.00, 9, '', '2026-04-10 08:45:32', 'active'),
(115, 40, 'out', 1.00, 0.00, 16.00, 15.00, 9, '', '2026-04-10 08:45:41', 'active'),
(116, 8, 'out', 6.00, 0.00, 22.00, 16.00, 9, ' [ยกเลิกโดยคุณ conankup เมื่อ 10/04/2026 23:42]', '2026-04-10 08:46:12', 'canceled'),
(117, 27, 'out', 1.00, 0.00, 1.00, 0.00, 5, '', '2026-04-10 09:16:49', 'active'),
(118, 40, 'out', 1.00, 0.00, 15.00, 14.00, 5, '', '2026-04-10 10:21:51', 'active'),
(119, 25, 'out', 1.00, 0.00, 5.00, 4.00, 5, '', '2026-04-10 11:36:02', 'active'),
(120, 46, 'out', 1.00, 0.00, 32.00, 31.00, 5, '', '2026-04-10 11:36:25', 'active'),
(121, 43, 'out', 1.00, 0.00, 7.00, 6.00, 5, '', '2026-04-10 11:39:17', 'active'),
(122, 38, 'out', 1.00, 0.00, 10.00, 9.00, 5, '', '2026-04-10 14:26:05', 'active'),
(123, 28, 'out', 1.00, 0.00, 7.00, 6.00, 5, '', '2026-04-10 14:26:16', 'active'),
(124, 8, 'out', 5.00, 0.00, 22.00, 17.00, 4, '', '2026-04-10 16:43:28', 'active'),
(125, 23, 'out', 1.00, 0.00, 25.00, 24.00, 9, '', '2026-04-11 07:41:55', 'active'),
(126, 25, 'out', 1.00, 0.00, 4.00, 3.00, 9, '', '2026-04-11 07:43:46', 'active'),
(127, 40, 'out', 1.00, 0.00, 14.00, 13.00, 9, '', '2026-04-11 07:43:54', 'active'),
(128, 8, 'out', 3.00, 0.00, 17.00, 14.00, 9, '', '2026-04-11 08:19:04', 'active'),
(129, 43, 'out', 1.00, 0.00, 6.00, 5.00, 5, '', '2026-04-11 11:25:48', 'active'),
(130, 8, 'out', 1.00, 0.00, 14.00, 13.00, 5, '', '2026-04-11 13:53:42', 'active'),
(131, 8, 'out', 1.00, 0.00, 13.00, 12.00, 5, '', '2026-04-11 14:31:20', 'active'),
(132, 3, 'out', 1.00, 0.00, 4.00, 3.00, 9, '', '2026-04-15 12:48:08', 'active'),
(133, 3, 'out', 1.00, 0.00, 3.00, 2.00, 9, ' [ยกเลิกโดยคุณ Thiwa เมื่อ 15/04/2026 19:49]', '2026-04-15 12:48:12', 'canceled'),
(134, 3, 'out', 1.00, 0.00, 2.00, 1.00, 9, ' [ยกเลิกโดยคุณ Thiwa เมื่อ 15/04/2026 19:49]', '2026-04-15 12:48:16', 'canceled'),
(135, 3, 'out', 1.00, 0.00, 1.00, 0.00, 9, ' [ยกเลิกโดยคุณ Thiwa เมื่อ 15/04/2026 19:48]', '2026-04-15 12:48:17', 'canceled'),
(136, 42, 'out', 1.00, 0.00, 2.00, 1.00, 9, '', '2026-04-15 12:50:25', 'active'),
(137, 4, 'out', 1.00, 0.00, 15.00, 14.00, 9, '', '2026-04-15 12:51:52', 'active'),
(138, 2, 'out', 1.00, 0.00, 1.00, 0.00, 9, '', '2026-04-15 12:52:09', 'active'),
(139, 30, 'out', 1.00, 0.00, 4.00, 3.00, 9, '', '2026-04-15 12:52:19', 'active'),
(140, 24, 'out', 1.00, 0.00, 26.00, 25.00, 9, '', '2026-04-15 12:52:32', 'active'),
(141, 23, 'out', 1.00, 0.00, 24.00, 23.00, 9, '', '2026-04-15 12:52:41', 'active'),
(142, 36, 'out', 1.00, 0.00, 1.00, 0.00, 9, '', '2026-04-16 16:17:56', 'active'),
(143, 44, 'out', 1.00, 0.00, 2.00, 1.00, 9, '', '2026-04-16 16:18:09', 'active'),
(144, 45, 'out', 1.00, 0.00, 1.00, 0.00, 9, '', '2026-04-16 16:18:35', 'active'),
(145, 25, 'out', 1.00, 0.00, 3.00, 2.00, 9, '', '2026-04-16 16:19:00', 'active'),
(146, 38, 'out', 1.00, 0.00, 9.00, 8.00, 9, '', '2026-04-16 16:19:13', 'active'),
(147, 46, 'out', 1.00, 0.00, 31.00, 30.00, 9, '', '2026-04-16 16:19:51', 'active'),
(148, 23, 'out', 1.00, 0.00, 23.00, 22.00, 9, '', '2026-04-16 16:20:06', 'active'),
(149, 3, 'out', 1.00, 0.00, 3.00, 2.00, 9, '', '2026-04-16 16:20:20', 'active'),
(150, 4, 'out', 1.00, 0.00, 14.00, 13.00, 9, '', '2026-04-16 16:20:31', 'active'),
(151, 13, 'out', 1.00, 0.00, 2.00, 1.00, 9, '', '2026-04-16 16:20:44', 'active'),
(152, 43, 'out', 1.00, 0.00, 5.00, 4.00, 9, '', '2026-04-16 16:20:56', 'active'),
(153, 40, 'out', 1.00, 0.00, 13.00, 12.00, 9, '', '2026-04-16 16:21:11', 'active'),
(154, 25, 'out', 1.00, 0.00, 2.00, 1.00, 9, '', '2026-04-16 16:23:24', 'active'),
(155, 28, 'out', 1.00, 0.00, 6.00, 5.00, 5, '', '2026-04-17 04:06:39', 'active'),
(156, 8, 'out', 4.00, 0.00, 12.00, 8.00, 9, '', '2026-04-17 04:11:07', 'active'),
(157, 25, 'out', 1.00, 0.00, 1.00, 0.00, 5, '', '2026-04-17 04:41:58', 'active'),
(158, 25, 'in', 12.00, 43.75, 0.00, 12.00, 4, 'ดีจัง แป้งเนย', '2026-04-17 07:33:08', 'active'),
(159, 45, 'in', 2.00, 17.00, 0.00, 2.00, 4, 'ดีจัง', '2026-04-17 07:34:24', 'active'),
(160, 5, 'in', 1.00, 150.00, 0.00, 1.00, 4, 'ดีจัง', '2026-04-17 07:34:57', 'active'),
(161, 48, 'in', 2.00, 45.00, 0.00, 2.00, 4, 'ดีจัง', '2026-04-17 07:35:32', 'active'),
(162, 27, 'in', 2.00, 65.00, 0.00, 2.00, 4, 'ดีจัง', '2026-04-17 07:35:57', 'active'),
(163, 42, 'in', 2.00, 73.00, 1.00, 3.00, 4, 'ดีจัง', '2026-04-17 07:36:35', 'active'),
(164, 3, 'in', 2.00, 73.00, 2.00, 4.00, 4, 'ดีจัง', '2026-04-17 07:37:06', 'active'),
(165, 2, 'in', 4.00, 0.00, 0.00, 4.00, 4, 'ใช้ราคาปฐมพร', '2026-04-17 09:19:15', 'active'),
(166, 43, 'out', 1.00, 0.00, 4.00, 3.00, 5, '', '2026-04-17 14:45:22', 'active'),
(167, 3, 'out', 1.00, 0.00, 4.00, 3.00, 5, '', '2026-04-17 14:45:33', 'active'),
(168, 8, 'out', 2.00, 0.00, 8.00, 6.00, 5, '', '2026-04-17 15:53:54', 'active'),
(169, 8, 'in', 24.00, 7.90, 6.00, 30.00, 4, 'เค๊กซื้อ', '2026-04-18 06:26:36', 'active'),
(170, 25, 'out', 1.00, 0.00, 12.00, 11.00, 9, '', '2026-04-18 07:28:54', 'active'),
(171, 46, 'out', 1.00, 0.00, 30.00, 29.00, 9, '', '2026-04-18 07:29:03', 'active'),
(172, 23, 'out', 1.00, 0.00, 22.00, 21.00, 9, '', '2026-04-18 07:29:13', 'active'),
(173, 38, 'out', 1.00, 0.00, 8.00, 7.00, 9, '', '2026-04-18 07:29:35', 'active'),
(174, 5, 'out', 1.00, 0.00, 1.00, 0.00, 9, '', '2026-04-18 07:29:48', 'active'),
(175, 8, 'out', 2.00, 0.00, 30.00, 28.00, 9, '', '2026-04-18 08:30:45', 'active'),
(176, 11, 'out', 1.00, 0.00, 1.00, 0.00, 5, '', '2026-04-18 08:48:35', 'active'),
(177, 27, 'out', 1.00, 0.00, 2.00, 1.00, 5, '', '2026-04-18 08:48:43', 'active'),
(178, 43, 'out', 1.00, 0.00, 3.00, 2.00, 5, '', '2026-04-18 12:10:20', 'active'),
(179, 25, 'out', 1.00, 0.00, 11.00, 10.00, 5, '', '2026-04-18 12:10:28', 'active'),
(180, 8, 'out', 2.00, 0.00, 28.00, 26.00, 5, '', '2026-04-18 16:27:43', 'active'),
(181, 38, 'out', 1.00, 0.00, 7.00, 6.00, 5, '', '2026-04-18 16:38:12', 'active'),
(182, 23, 'out', 1.00, 0.00, 21.00, 20.00, 9, '', '2026-04-19 08:08:12', 'active'),
(183, 25, 'out', 1.00, 0.00, 10.00, 9.00, 9, '', '2026-04-19 08:08:22', 'active'),
(184, 8, 'out', 3.00, 0.00, 26.00, 23.00, 9, '', '2026-04-19 08:09:04', 'active'),
(185, 40, 'out', 4.00, 0.00, 12.00, 8.00, 5, '', '2026-04-19 11:43:22', 'active'),
(186, 39, 'out', 4.00, 0.00, 22.00, 18.00, 5, '', '2026-04-19 11:44:12', 'active'),
(187, 40, 'out', 7.00, 0.00, 8.00, 1.00, 5, ' [ยกเลิกโดยคุณ nice เมื่อ 19/04/2026 19:29]', '2026-04-19 12:29:20', 'canceled'),
(188, 40, 'out', 1.00, 0.00, 8.00, 7.00, 5, '', '2026-04-19 12:29:34', 'active'),
(189, 43, 'out', 1.00, 0.00, 2.00, 1.00, 5, '', '2026-04-19 12:45:00', 'active'),
(190, 40, 'out', 1.00, 0.00, 7.00, 6.00, 5, '', '2026-04-19 13:07:46', 'active'),
(191, 46, 'out', 1.00, 0.00, 29.00, 28.00, 5, '', '2026-04-19 13:16:26', 'active'),
(192, 41, 'out', 1.00, 0.00, 7.00, 6.00, 5, '', '2026-04-19 13:16:43', 'active'),
(193, 25, 'out', 1.00, 0.00, 9.00, 8.00, 5, '', '2026-04-19 15:42:36', 'active'),
(194, 8, 'out', 1.00, 0.00, 23.00, 22.00, 5, '', '2026-04-19 15:43:08', 'active'),
(195, 8, 'out', 1.00, 0.00, 22.00, 21.00, 5, '', '2026-04-19 15:52:31', 'active'),
(196, 45, 'out', 1.00, 0.00, 2.00, 1.00, 9, '', '2026-04-20 08:04:53', 'active'),
(197, 23, 'out', 1.00, 0.00, 20.00, 19.00, 9, '', '2026-04-20 08:05:02', 'active'),
(198, 8, 'out', 2.00, 0.00, 21.00, 19.00, 9, '', '2026-04-20 08:07:43', 'active'),
(199, 39, 'out', 1.00, 0.00, 18.00, 17.00, 9, '', '2026-04-20 08:27:35', 'active'),
(200, 16, 'out', 1.00, 0.00, 2.00, 1.00, 5, '', '2026-04-20 10:14:38', 'active'),
(201, 40, 'out', 1.00, 0.00, 6.00, 5.00, 5, '', '2026-04-20 10:14:52', 'active'),
(202, 25, 'out', 1.00, 0.00, 8.00, 7.00, 5, '', '2026-04-20 13:47:33', 'active'),
(203, 40, 'out', 1.00, 0.00, 5.00, 4.00, 5, '', '2026-04-20 13:47:57', 'active'),
(204, 8, 'out', 1.00, 0.00, 19.00, 18.00, 5, '', '2026-04-20 16:14:23', 'active'),
(205, 8, 'in', 24.00, 7.50, 18.00, 42.00, 4, '', '2026-04-21 07:04:57', 'active'),
(206, 40, 'in', 24.00, 11.45, 4.00, 28.00, 4, '', '2026-04-21 07:05:41', 'active'),
(207, 11, 'in', 1.00, 75.00, 0.00, 1.00, 4, 'ดีจัง', '2026-04-21 07:06:20', 'active'),
(208, 36, 'in', 1.00, 90.00, 0.00, 1.00, 4, 'ดีจัง', '2026-04-21 07:06:53', 'active'),
(209, 25, 'in', 12.00, 43.75, 7.00, 19.00, 4, 'ดีจัง', '2026-04-21 07:07:32', 'active'),
(210, 49, 'in', 2.00, 90.00, 0.00, 2.00, 4, 'ชุดละ 50ใบ ร้านดีจัง', '2026-04-21 07:08:34', 'active'),
(211, 52, 'in', 2.00, 22.00, 0.00, 2.00, 4, 'ร้านดีจัง', '2026-04-21 07:10:21', 'active'),
(212, 51, 'in', 1.00, 45.00, 0.00, 1.00, 4, 'ดีจัง', '2026-04-21 07:10:44', 'active'),
(213, 25, 'out', 1.00, 0.00, 19.00, 18.00, 9, '', '2026-04-21 07:27:44', 'active'),
(214, 43, 'out', 1.00, 0.00, 1.00, 0.00, 9, '', '2026-04-21 07:28:03', 'active'),
(215, 44, 'out', 1.00, 0.00, 1.00, 0.00, 9, '', '2026-04-21 07:28:18', 'active'),
(216, 23, 'out', 1.00, 0.00, 19.00, 18.00, 9, '', '2026-04-21 07:28:25', 'active'),
(217, 28, 'out', 1.00, 0.00, 5.00, 4.00, 9, '', '2026-04-21 07:28:33', 'active'),
(218, 46, 'out', 1.00, 0.00, 28.00, 27.00, 9, '', '2026-04-21 07:28:41', 'active'),
(219, 28, 'in', 2.00, 27.00, 4.00, 6.00, 4, 'บิลแรก', '2026-04-21 07:30:48', 'active'),
(220, 38, 'in', 4.00, 36.00, 6.00, 10.00, 4, 'บิลแรก', '2026-04-21 07:31:36', 'active'),
(221, 8, 'out', 1.00, 0.00, 42.00, 41.00, 9, '', '2026-04-21 07:34:36', 'active'),
(222, 2, 'out', 1.00, 0.00, 4.00, 3.00, 5, '', '2026-04-21 07:44:33', 'active'),
(223, 28, 'out', 1.00, 0.00, 6.00, 5.00, 5, '', '2026-04-21 07:45:18', 'active'),
(224, 45, 'in', 3.00, 17.00, 1.00, 4.00, 4, 'ดีจัง', '2026-04-21 09:08:53', 'active'),
(225, 44, 'in', 3.00, 35.00, 0.00, 3.00, 4, 'ดีจัง', '2026-04-21 09:09:10', 'active'),
(226, 43, 'in', 1.00, 880.00, 0.00, 1.00, 4, 'ยกลัง 1,000 ใบ ดีจัง [ยกเลิกโดย UID: 4 เมื่อ 21/04/2026 16:11]', '2026-04-21 09:09:48', 'canceled'),
(227, 43, 'in', 20.00, 44.00, 0.00, 20.00, 4, 'ไม่มีลาย ร้านดีจัง', '2026-04-21 09:12:01', 'active'),
(228, 38, 'out', 1.00, 0.00, 10.00, 9.00, 5, '', '2026-04-21 09:21:20', 'active'),
(229, 25, 'out', 1.00, 0.00, 18.00, 17.00, 5, '', '2026-04-21 09:21:46', 'active'),
(230, 8, 'out', 1.00, 0.00, 41.00, 40.00, 5, '', '2026-04-21 09:21:53', 'active'),
(231, 15, 'out', 1.00, 0.00, 1.00, 0.00, 5, '', '2026-04-21 12:40:18', 'active'),
(232, 12, 'out', 1.00, 0.00, 2.00, 1.00, 5, '', '2026-04-21 12:40:28', 'active'),
(233, 43, 'out', 1.00, 0.00, 20.00, 19.00, 9, '', '2026-04-22 07:14:59', 'active'),
(234, 3, 'out', 1.00, 0.00, 3.00, 2.00, 9, '', '2026-04-22 07:15:16', 'active'),
(235, 42, 'out', 1.00, 0.00, 3.00, 2.00, 9, '', '2026-04-22 07:15:24', 'active'),
(236, 30, 'out', 1.00, 0.00, 3.00, 2.00, 9, '', '2026-04-22 07:15:37', 'active'),
(237, 40, 'out', 1.00, 0.00, 28.00, 27.00, 9, '', '2026-04-22 07:18:12', 'active'),
(238, 8, 'out', 3.00, 0.00, 40.00, 37.00, 9, '', '2026-04-22 08:08:36', 'active'),
(239, 40, 'out', 2.00, 0.00, 27.00, 25.00, 5, '', '2026-04-22 08:42:56', 'active'),
(240, 25, 'out', 1.00, 0.00, 17.00, 16.00, 5, '', '2026-04-22 09:16:44', 'active'),
(241, 8, 'out', 1.00, 0.00, 37.00, 36.00, 5, '', '2026-04-22 14:20:46', 'active'),
(242, 23, 'out', 1.00, 0.00, 18.00, 17.00, 5, '', '2026-04-22 14:21:01', 'active'),
(243, 43, 'out', 1.00, 0.00, 19.00, 18.00, 9, '', '2026-04-23 07:41:07', 'active'),
(244, 46, 'out', 1.00, 0.00, 27.00, 26.00, 9, '', '2026-04-23 07:41:19', 'active'),
(245, 45, 'out', 1.00, 0.00, 4.00, 3.00, 9, '', '2026-04-23 07:41:30', 'active'),
(246, 44, 'out', 1.00, 0.00, 3.00, 2.00, 9, '', '2026-04-23 07:41:40', 'active'),
(247, 25, 'out', 1.00, 0.00, 16.00, 15.00, 9, '', '2026-04-23 07:41:51', 'active'),
(248, 2, 'out', 1.00, 0.00, 3.00, 2.00, 9, '', '2026-04-23 07:41:57', 'active'),
(249, 26, 'out', 1.00, 0.00, 2.00, 1.00, 9, '', '2026-04-23 07:42:06', 'active'),
(250, 8, 'out', 3.00, 0.00, 36.00, 33.00, 9, '', '2026-04-23 08:13:31', 'active'),
(251, 40, 'out', 1.00, 0.00, 25.00, 24.00, 5, '', '2026-04-23 12:48:52', 'active'),
(252, 25, 'out', 1.00, 0.00, 15.00, 14.00, 5, '', '2026-04-23 12:49:02', 'active'),
(253, 28, 'out', 1.00, 0.00, 5.00, 4.00, 5, '', '2026-04-23 12:49:09', 'active'),
(254, 38, 'out', 1.00, 0.00, 9.00, 8.00, 5, '', '2026-04-23 12:49:20', 'active'),
(255, 23, 'out', 1.00, 0.00, 17.00, 16.00, 5, '', '2026-04-23 13:00:36', 'active'),
(256, 48, 'out', 1.00, 0.00, 2.00, 1.00, 5, '', '2026-04-23 13:00:49', 'active'),
(257, 34, 'out', 1.00, 0.00, 1.00, 0.00, 5, '', '2026-04-23 13:01:10', 'active'),
(258, 8, 'out', 1.00, 0.00, 33.00, 32.00, 5, '', '2026-04-23 15:27:40', 'active'),
(259, 8, 'out', 1.00, 0.00, 32.00, 31.00, 5, '', '2026-04-23 15:56:01', 'active'),
(260, 25, 'out', 1.00, 0.00, 14.00, 13.00, 9, '', '2026-04-24 07:49:57', 'active'),
(261, 43, 'out', 1.00, 0.00, 18.00, 17.00, 9, '', '2026-04-24 07:50:08', 'active'),
(262, 17, 'out', 1.00, 0.00, 2.00, 1.00, 9, '', '2026-04-24 07:50:34', 'active'),
(263, 29, 'out', 1.00, 0.00, 2.00, 1.00, 5, '', '2026-04-24 11:35:09', 'active'),
(264, 8, 'out', 1.00, 0.00, 31.00, 30.00, 5, '', '2026-04-24 11:35:34', 'active'),
(265, 4, 'out', 1.00, 0.00, 13.00, 12.00, 5, '', '2026-04-24 15:09:52', 'active'),
(266, 40, 'out', 1.00, 0.00, 24.00, 23.00, 5, '', '2026-04-24 15:11:27', 'active'),
(267, 10, 'out', 1.00, 0.00, 1.00, 0.00, 5, '', '2026-04-24 16:32:15', 'active'),
(268, 4, 'out', 1.00, 0.00, 12.00, 11.00, 9, '', '2026-04-25 05:59:50', 'active'),
(269, 25, 'out', 2.00, 0.00, 13.00, 11.00, 9, '', '2026-04-25 15:00:25', 'active'),
(270, 23, 'out', 1.00, 0.00, 16.00, 15.00, 9, '', '2026-04-25 15:00:35', 'active'),
(271, 43, 'out', 1.00, 0.00, 17.00, 16.00, 9, '', '2026-04-25 15:01:04', 'active'),
(272, 46, 'out', 1.00, 0.00, 26.00, 25.00, 9, '', '2026-04-25 15:01:12', 'active'),
(273, 38, 'out', 1.00, 0.00, 8.00, 7.00, 9, '', '2026-04-25 15:01:25', 'active'),
(274, 41, 'out', 2.00, 0.00, 6.00, 4.00, 9, '', '2026-04-25 15:01:37', 'active'),
(275, 8, 'out', 2.00, 0.00, 30.00, 28.00, 9, '', '2026-04-25 16:01:10', 'active'),
(276, 1, 'out', 1.00, 0.00, 1.00, 0.00, 5, '', '2026-04-26 05:59:56', 'active'),
(277, 23, 'out', 1.00, 0.00, 15.00, 14.00, 5, '', '2026-04-26 06:00:04', 'active'),
(278, 25, 'out', 1.00, 0.00, 11.00, 10.00, 5, '', '2026-04-26 06:00:11', 'active'),
(279, 8, 'out', 1.00, 0.00, 28.00, 27.00, 5, '', '2026-04-26 06:00:30', 'active'),
(280, 43, 'out', 1.00, 0.00, 16.00, 15.00, 5, '', '2026-04-26 12:07:50', 'active'),
(281, 8, 'out', 5.00, 0.00, 27.00, 22.00, 5, '', '2026-04-26 12:08:06', 'active'),
(282, 40, 'out', 1.00, 0.00, 23.00, 22.00, 5, '', '2026-04-26 14:18:54', 'active'),
(283, 28, 'out', 1.00, 0.00, 4.00, 3.00, 5, '', '2026-04-26 14:19:11', 'active'),
(284, 46, 'out', 1.00, 0.00, 25.00, 24.00, 9, '', '2026-04-27 07:25:09', 'active'),
(285, 25, 'out', 1.00, 0.00, 10.00, 9.00, 9, '', '2026-04-27 07:25:19', 'active'),
(286, 2, 'out', 1.00, 0.00, 2.00, 1.00, 9, '', '2026-04-27 07:25:38', 'active'),
(287, 3, 'out', 1.00, 0.00, 2.00, 1.00, 9, '', '2026-04-27 07:26:07', 'active'),
(288, 23, 'out', 1.00, 0.00, 14.00, 13.00, 9, '', '2026-04-27 07:26:15', 'active'),
(289, 8, 'out', 1.00, 0.00, 22.00, 21.00, 9, '', '2026-04-27 07:43:49', 'active'),
(290, 25, 'out', 1.00, 0.00, 9.00, 8.00, 5, '', '2026-04-27 08:20:37', 'active'),
(291, 8, 'out', 1.00, 0.00, 21.00, 20.00, 9, '', '2026-04-27 08:35:42', 'active'),
(292, 27, 'out', 1.00, 0.00, 1.00, 0.00, 5, '', '2026-04-27 13:57:44', 'active'),
(293, 38, 'out', 1.00, 0.00, 7.00, 6.00, 5, '', '2026-04-27 13:57:53', 'active'),
(294, 45, 'out', 1.00, 0.00, 3.00, 2.00, 5, '', '2026-04-27 15:05:19', 'active'),
(295, 8, 'out', 1.00, 0.00, 20.00, 19.00, 5, '', '2026-04-27 15:05:27', 'active'),
(296, 39, 'out', 1.00, 0.00, 17.00, 16.00, 9, '', '2026-04-28 07:22:17', 'active'),
(297, 4, 'out', 1.00, 0.00, 11.00, 10.00, 9, '', '2026-04-28 07:22:31', 'active'),
(298, 25, 'out', 1.00, 0.00, 8.00, 7.00, 9, '', '2026-04-28 07:22:40', 'active'),
(299, 40, 'out', 1.00, 0.00, 22.00, 21.00, 9, ' [ยกเลิกโดยคุณ Thiwa เมื่อ 28/04/2026 14:57]', '2026-04-28 07:56:46', 'canceled'),
(300, 40, 'out', 1.00, 0.00, 21.00, 20.00, 9, '', '2026-04-28 07:56:46', 'active'),
(301, 8, 'out', 2.00, 0.00, 19.00, 17.00, 9, '', '2026-04-28 08:13:16', 'active'),
(302, 30, 'out', 1.00, 0.00, 2.00, 1.00, 5, '', '2026-04-28 10:23:46', 'active'),
(303, 39, 'out', 1.00, 0.00, 16.00, 15.00, 5, '', '2026-04-28 10:23:57', 'active'),
(304, 40, 'out', 2.00, 0.00, 21.00, 19.00, 5, '', '2026-04-28 10:25:11', 'active'),
(305, 8, 'out', 3.00, 0.00, 17.00, 14.00, 5, '', '2026-04-28 10:25:35', 'active'),
(306, 8, 'out', 2.00, 0.00, 14.00, 12.00, 5, '', '2026-04-28 15:48:59', 'active'),
(307, 23, 'out', 1.00, 0.00, 13.00, 12.00, 5, '', '2026-04-28 15:49:08', 'active'),
(308, 49, 'out', 1.00, 0.00, 2.00, 1.00, 5, '', '2026-04-28 15:49:35', 'active'),
(309, 25, 'out', 1.00, 0.00, 7.00, 6.00, 5, '', '2026-04-28 16:42:21', 'active'),
(310, 46, 'out', 1.00, 0.00, 24.00, 23.00, 9, '', '2026-04-29 07:48:49', 'active'),
(311, 43, 'out', 1.00, 0.00, 15.00, 14.00, 9, '', '2026-04-29 07:49:03', 'active'),
(312, 38, 'out', 1.00, 0.00, 6.00, 5.00, 9, '', '2026-04-29 07:49:16', 'active'),
(313, 13, 'out', 1.00, 0.00, 1.00, 0.00, 9, '', '2026-04-29 07:49:28', 'active'),
(314, 28, 'out', 1.00, 0.00, 3.00, 2.00, 9, '', '2026-04-29 07:49:35', 'active'),
(315, 25, 'out', 1.00, 0.00, 6.00, 5.00, 9, '', '2026-04-29 07:49:43', 'active'),
(316, 8, 'out', 2.00, 0.00, 12.00, 10.00, 9, '', '2026-04-29 08:06:23', 'active'),
(317, 43, 'out', 1.00, 0.00, 14.00, 13.00, 5, NULL, '2026-04-29 09:19:24', 'active'),
(318, 40, 'out', 2.00, 0.00, 19.00, 17.00, 5, '', '2026-04-29 16:06:58', 'active'),
(319, 8, 'out', 3.00, 0.00, 10.00, 7.00, 5, '', '2026-04-29 16:07:10', 'active'),
(320, 23, 'out', 1.00, 0.00, 12.00, 11.00, 9, '', '2026-04-30 07:29:21', 'active'),
(321, 25, 'out', 1.00, 0.00, 5.00, 4.00, 9, '', '2026-04-30 07:29:29', 'active'),
(322, 43, 'out', 1.00, 0.00, 13.00, 12.00, 9, '', '2026-04-30 07:30:03', 'active'),
(323, 38, 'out', 1.00, 0.00, 5.00, 4.00, 9, '', '2026-04-30 07:30:15', 'active'),
(324, 8, 'out', 2.00, 0.00, 7.00, 5.00, 9, '', '2026-04-30 08:14:24', 'active'),
(325, 39, 'out', 1.00, 0.00, 15.00, 14.00, 9, '', '2026-04-30 08:27:46', 'active'),
(327, 25, 'out', 1.00, 0.00, 4.00, 3.00, 5, '', '2026-04-30 15:57:47', 'active'),
(328, 46, 'out', 1.00, 0.00, 23.00, 22.00, 5, '', '2026-04-30 15:58:01', 'active'),
(329, 8, 'out', 1.00, 0.00, 5.00, 4.00, 5, '', '2026-04-30 15:58:06', 'active'),
(330, 44, 'out', 1.00, 0.00, 2.00, 1.00, 9, '', '2026-05-01 08:10:37', 'active'),
(332, 8, 'in', 24.00, 8.10, 4.00, 28.00, 4, 'หญิงซื้อ เอเค7มาร์ท', '2026-05-01 08:49:46', 'active'),
(333, 43, 'out', 1.00, 0.00, 12.00, 11.00, 9, '', '2026-05-01 08:51:14', 'active'),
(334, 28, 'out', 1.00, 0.00, 2.00, 1.00, 9, '', '2026-05-01 08:56:03', 'active'),
(335, 45, 'out', 1.00, 0.00, 2.00, 1.00, 9, '', '2026-05-01 08:56:21', 'active'),
(336, 23, 'out', 1.00, 0.00, 11.00, 10.00, 9, '', '2026-05-01 08:56:30', 'active'),
(337, 25, 'out', 1.00, 0.00, 3.00, 2.00, 9, '', '2026-05-01 08:56:39', 'active'),
(338, 8, 'out', 6.00, 0.00, 28.00, 22.00, 9, '', '2026-05-01 08:57:02', 'active'),
(339, 2, 'out', 1.00, 0.00, 1.00, 0.00, 5, '', '2026-05-01 13:42:10', 'active'),
(340, 40, 'out', 1.00, 0.00, 17.00, 16.00, 5, '', '2026-05-01 13:43:57', 'active'),
(341, 25, 'out', 1.00, 0.00, 2.00, 1.00, 5, '', '2026-05-01 14:09:47', 'active'),
(342, 2, 'in', 5.00, 0.00, 0.00, 5.00, 4, 'เป็นของที่เติมจากบิลแรกเดือน เมย', '2026-05-02 07:30:24', 'active'),
(343, 17, 'in', 2.00, 0.00, 1.00, 3.00, 4, 'เป็นของที่เติมจากบิลแรกเดือน เมย', '2026-05-02 07:30:58', 'active'),
(344, 29, 'in', 1.00, 100.00, 1.00, 2.00, 4, 'ดีจัง บิล 2/5/69', '2026-05-02 09:55:38', 'active'),
(345, 27, 'in', 4.00, 65.00, 0.00, 4.00, 4, 'ดีจัง บิล 2/5/69', '2026-05-02 09:56:26', 'active'),
(346, 12, 'in', 2.00, 75.00, 1.00, 3.00, 4, 'ดีจัง บิล 2/5/69', '2026-05-02 09:56:59', 'active'),
(347, 15, 'in', 2.00, 75.00, 0.00, 2.00, 4, 'ดีจัง บิล 2/5/69', '2026-05-02 09:57:33', 'active'),
(348, 13, 'in', 1.00, 75.00, 0.00, 1.00, 4, 'ดีจัง บิล 2/5/69', '2026-05-02 09:58:16', 'active'),
(349, 10, 'in', 2.00, 85.00, 0.00, 2.00, 4, 'ดีจัง บิล 2/5/69', '2026-05-02 09:58:47', 'active'),
(350, 25, 'in', 24.00, 43.75, 1.00, 25.00, 4, 'ดีจัง บิล 2/5/69', '2026-05-02 09:59:49', 'active'),
(351, 49, 'in', 2.00, 90.00, 1.00, 3.00, 4, 'ดีจัง บิล 2/5/69', '2026-05-02 10:00:20', 'active'),
(352, 30, 'in', 2.00, 155.00, 1.00, 3.00, 4, 'ดีจัง บิล 2/5/69', '2026-05-02 10:00:49', 'active'),
(353, 5, 'in', 1.00, 150.00, 0.00, 1.00, 4, 'ดีจัง บิล 2/5/69', '2026-05-02 10:01:22', 'active'),
(354, 48, 'in', 2.00, 50.00, 1.00, 3.00, 4, 'ดีจัง บิล 2/5/69', '2026-05-02 10:01:59', 'active'),
(355, 1, 'in', 2.00, 195.00, 0.00, 2.00, 4, 'ดีจัง บิล 2/5/69', '2026-05-02 10:02:39', 'active'),
(356, 34, 'in', 1.00, 145.00, 0.00, 1.00, 4, 'ดีจัง บิล 2/5/69', '2026-05-02 10:03:27', 'active'),
(357, 3, 'in', 2.00, 73.00, 1.00, 3.00, 4, 'ดีจัง บิล 2/5/69', '2026-05-02 10:04:04', 'active'),
(358, 44, 'in', 6.00, 35.00, 1.00, 7.00, 4, 'ดีจัง บิล 2/5/69', '2026-05-02 10:04:32', 'active'),
(359, 45, 'in', 6.00, 17.00, 1.00, 7.00, 4, 'ดีจัง บิล 2/5/69', '2026-05-02 10:04:50', 'active'),
(360, 25, 'in', 1.00, 47.00, 25.00, 26.00, 4, 'น้องวาซื้อใช้เงินสดร้าน', '2026-05-02 11:11:39', 'active'),
(361, 43, 'out', 1.00, 0.00, 11.00, 10.00, 9, '', '2026-05-02 12:52:08', 'active'),
(362, 25, 'out', 1.00, 0.00, 26.00, 25.00, 9, '', '2026-05-02 12:52:19', 'active'),
(363, 46, 'out', 1.00, 0.00, 22.00, 21.00, 9, '', '2026-05-02 12:52:26', 'active'),
(364, 17, 'out', 1.00, 0.00, 3.00, 2.00, 9, '', '2026-05-02 12:52:45', 'active'),
(365, 38, 'out', 1.00, 0.00, 4.00, 3.00, 9, '', '2026-05-02 12:52:56', 'active'),
(366, 11, 'out', 1.00, 0.00, 1.00, 0.00, 9, '', '2026-05-02 12:53:06', 'active'),
(367, 23, 'out', 1.00, 0.00, 10.00, 9.00, 9, '', '2026-05-02 12:53:12', 'active'),
(368, 4, 'out', 1.00, 0.00, 10.00, 9.00, 9, '', '2026-05-02 12:53:18', 'active'),
(369, 30, 'out', 1.00, 0.00, 3.00, 2.00, 9, '', '2026-05-02 12:53:26', 'active'),
(370, 27, 'out', 1.00, 0.00, 4.00, 3.00, 9, '', '2026-05-02 12:53:51', 'active'),
(371, 25, 'out', 1.00, 0.00, 25.00, 24.00, 9, '', '2026-05-02 13:26:00', 'active'),
(372, 40, 'out', 1.00, 0.00, 16.00, 15.00, 9, '', '2026-05-02 13:28:15', 'active'),
(373, 8, 'out', 4.00, 0.00, 22.00, 18.00, 9, '', '2026-05-02 15:07:17', 'active'),
(374, 8, 'out', 1.00, 0.00, 18.00, 17.00, 9, '', '2026-05-02 15:08:33', 'active'),
(375, 28, 'out', 1.00, 0.00, 1.00, 0.00, 5, '', '2026-05-03 03:22:30', 'active'),
(376, 43, 'out', 1.00, 0.00, 10.00, 9.00, 5, '', '2026-05-03 03:22:44', 'active'),
(377, 52, 'out', 1.00, 0.00, 2.00, 1.00, 5, '', '2026-05-03 03:24:07', 'active'),
(378, 52, 'out', 1.00, 0.00, 1.00, 0.00, 5, ' [ยกเลิกโดย UID: 5 เมื่อ 03/05/2026 10:26]', '2026-05-03 03:24:07', 'canceled'),
(379, 28, 'in', 25.00, 26.00, 0.00, 25.00, 7, 'บิลแมคโคร', '2026-05-03 09:03:29', 'active'),
(380, 38, 'in', 18.00, 35.00, 3.00, 21.00, 7, 'บิลดีจัง', '2026-05-03 09:04:09', 'active'),
(381, 11, 'in', 1.00, 75.00, 0.00, 1.00, 7, 'บิลดีจัง', '2026-05-03 09:04:28', 'active'),
(382, 31, 'in', 1.00, 42.00, 0.00, 1.00, 7, 'บิลดีจัง', '2026-05-03 09:04:47', 'active'),
(383, 8, 'in', 72.00, 7.50, 17.00, 89.00, 7, 'บิลเอ๋สโต', '2026-05-03 09:05:28', 'active'),
(384, 40, 'in', 24.00, 11.50, 15.00, 39.00, 7, 'บิลเอ๋สโต', '2026-05-03 09:06:16', 'active'),
(385, 39, 'in', 24.00, 11.10, 14.00, 38.00, 7, 'เอ๋สโต', '2026-05-03 09:06:36', 'active'),
(386, 41, 'in', 12.00, 3.30, 4.00, 16.00, 7, 'บืลเอ๋สโต', '2026-05-03 09:06:53', 'active'),
(387, 53, 'in', 1.00, 69.00, 0.00, 1.00, 7, '', '2026-05-03 09:10:23', 'active'),
(388, 31, 'out', 1.00, 0.00, 1.00, 0.00, 5, '', '2026-05-03 10:14:11', 'active'),
(389, 25, 'out', 1.00, 0.00, 24.00, 23.00, 5, '', '2026-05-03 10:14:19', 'active'),
(390, 23, 'out', 1.00, 0.00, 9.00, 8.00, 5, '', '2026-05-03 10:14:25', 'active'),
(391, 8, 'out', 4.00, 0.00, 89.00, 85.00, 5, '', '2026-05-03 10:15:40', 'active'),
(392, 12, 'out', 1.00, 0.00, 3.00, 2.00, 5, '', '2026-05-03 10:16:03', 'active'),
(393, 3, 'out', 1.00, 0.00, 3.00, 2.00, 5, '', '2026-05-03 16:20:04', 'active'),
(394, 40, 'out', 1.00, 0.00, 39.00, 38.00, 5, '', '2026-05-03 16:21:16', 'active'),
(395, 43, 'out', 1.00, 0.00, 9.00, 8.00, 9, '', '2026-05-04 07:28:19', 'active'),
(396, 45, 'out', 1.00, 0.00, 7.00, 6.00, 9, '', '2026-05-04 07:28:35', 'active'),
(397, 8, 'out', 2.00, 0.00, 85.00, 83.00, 9, '', '2026-05-04 07:29:40', 'active'),
(398, 25, 'out', 1.00, 0.00, 23.00, 22.00, 9, '', '2026-05-04 07:30:37', 'active'),
(399, 8, 'out', 1.00, 0.00, 83.00, 82.00, 9, '', '2026-05-04 07:47:22', 'active'),
(400, 46, 'out', 1.00, 0.00, 21.00, 20.00, 5, '', '2026-05-04 15:01:29', 'active'),
(401, 21, 'out', 1.00, 0.00, 1.00, 0.00, 5, '', '2026-05-04 15:32:49', 'active'),
(402, 23, 'out', 1.00, 0.00, 8.00, 7.00, 9, '', '2026-05-05 07:32:50', 'active'),
(403, 25, 'out', 1.00, 0.00, 22.00, 21.00, 9, '', '2026-05-05 07:32:57', 'active'),
(404, 38, 'out', 1.00, 0.00, 21.00, 20.00, 9, '', '2026-05-05 07:33:22', 'active'),
(405, 8, 'out', 1.00, 0.00, 82.00, 81.00, 9, '', '2026-05-05 08:46:07', 'active'),
(406, 48, 'out', 1.00, 0.00, 3.00, 2.00, 5, '', '2026-05-05 14:44:48', 'active'),
(407, 42, 'out', 1.00, 0.00, 2.00, 1.00, 5, '', '2026-05-05 14:44:54', 'active'),
(408, 28, 'out', 1.00, 0.00, 25.00, 24.00, 5, '', '2026-05-05 14:45:00', 'active'),
(409, 8, 'out', 1.00, 0.00, 81.00, 80.00, 5, '', '2026-05-05 14:45:08', 'active'),
(410, 40, 'out', 1.00, 0.00, 38.00, 37.00, 5, '', '2026-05-05 14:45:14', 'active'),
(411, 43, 'out', 1.00, 0.00, 8.00, 7.00, 5, '', '2026-05-05 14:45:26', 'active'),
(412, 25, 'out', 1.00, 0.00, 21.00, 20.00, 9, '', '2026-05-06 07:34:36', 'active'),
(413, 23, 'out', 1.00, 0.00, 7.00, 6.00, 9, '', '2026-05-06 07:34:45', 'active'),
(414, 45, 'out', 1.00, 0.00, 6.00, 5.00, 9, '', '2026-05-06 07:35:02', 'active'),
(415, 44, 'out', 1.00, 0.00, 7.00, 6.00, 9, '', '2026-05-06 07:35:10', 'active'),
(416, 8, 'out', 1.00, 0.00, 80.00, 79.00, 9, '', '2026-05-06 07:56:39', 'active'),
(417, 2, 'out', 1.00, 0.00, 5.00, 4.00, 5, '', '2026-05-06 10:19:06', 'active'),
(418, 43, 'out', 1.00, 0.00, 7.00, 6.00, 5, '', '2026-05-06 10:19:21', 'active'),
(419, 46, 'out', 1.00, 0.00, 20.00, 19.00, 5, '', '2026-05-06 10:19:32', 'active'),
(420, 25, 'out', 1.00, 0.00, 20.00, 19.00, 5, '', '2026-05-06 10:19:39', 'active'),
(421, 8, 'out', 1.00, 0.00, 79.00, 78.00, 5, '', '2026-05-06 10:21:25', 'active'),
(422, 38, 'out', 1.00, 0.00, 20.00, 19.00, 5, '', '2026-05-06 15:57:54', 'active');

--
-- Indexes for dumped tables
--

--
-- Indexes for table `attendance`
--
ALTER TABLE `attendance`
  ADD PRIMARY KEY (`id`);

--
-- Indexes for table `daily_expenses`
--
ALTER TABLE `daily_expenses`
  ADD PRIMARY KEY (`id`),
  ADD KEY `daily_reconciliation_id` (`daily_reconciliation_id`);

--
-- Indexes for table `daily_reconciliations`
--
ALTER TABLE `daily_reconciliations`
  ADD PRIMARY KEY (`id`);

--
-- Indexes for table `daily_stock_counts`
--
ALTER TABLE `daily_stock_counts`
  ADD PRIMARY KEY (`id`),
  ADD KEY `daily_reconciliation_id` (`daily_reconciliation_id`),
  ADD KEY `product_id` (`product_id`);

--
-- Indexes for table `item_owners`
--
ALTER TABLE `item_owners`
  ADD PRIMARY KEY (`id`);

--
-- Indexes for table `locations`
--
ALTER TABLE `locations`
  ADD PRIMARY KEY (`id`);

--
-- Indexes for table `owner_monthly_settlements`
--
ALTER TABLE `owner_monthly_settlements`
  ADD PRIMARY KEY (`id`),
  ADD KEY `owner_id` (`owner_id`);

--
-- Indexes for table `owner_withdrawals`
--
ALTER TABLE `owner_withdrawals`
  ADD PRIMARY KEY (`id`),
  ADD KEY `owner_id` (`owner_id`);

--
-- Indexes for table `products`
--
ALTER TABLE `products`
  ADD PRIMARY KEY (`id`),
  ADD KEY `owner_id` (`owner_id`);

--
-- Indexes for table `roles`
--
ALTER TABLE `roles`
  ADD PRIMARY KEY (`role_id`);

--
-- Indexes for table `users`
--
ALTER TABLE `users`
  ADD PRIMARY KEY (`id`),
  ADD UNIQUE KEY `username` (`username`),
  ADD KEY `fk_user_role` (`role_id`);

--
-- Indexes for table `yencha_ingredients`
--
ALTER TABLE `yencha_ingredients`
  ADD PRIMARY KEY (`id`),
  ADD UNIQUE KEY `name` (`name`);

--
-- Indexes for table `yencha_menus`
--
ALTER TABLE `yencha_menus`
  ADD PRIMARY KEY (`id`);

--
-- Indexes for table `yencha_recipes`
--
ALTER TABLE `yencha_recipes`
  ADD PRIMARY KEY (`id`),
  ADD KEY `menu_id` (`menu_id`),
  ADD KEY `ingredient_id` (`ingredient_id`);

--
-- Indexes for table `yencha_stock_log`
--
ALTER TABLE `yencha_stock_log`
  ADD PRIMARY KEY (`id`),
  ADD KEY `ingredient_id` (`ingredient_id`);

--
-- AUTO_INCREMENT for dumped tables
--

--
-- AUTO_INCREMENT for table `attendance`
--
ALTER TABLE `attendance`
  MODIFY `id` int(11) NOT NULL AUTO_INCREMENT, AUTO_INCREMENT=406;

--
-- AUTO_INCREMENT for table `daily_expenses`
--
ALTER TABLE `daily_expenses`
  MODIFY `id` int(11) NOT NULL AUTO_INCREMENT;

--
-- AUTO_INCREMENT for table `daily_reconciliations`
--
ALTER TABLE `daily_reconciliations`
  MODIFY `id` int(11) NOT NULL AUTO_INCREMENT, AUTO_INCREMENT=6;

--
-- AUTO_INCREMENT for table `daily_stock_counts`
--
ALTER TABLE `daily_stock_counts`
  MODIFY `id` int(11) NOT NULL AUTO_INCREMENT, AUTO_INCREMENT=21;

--
-- AUTO_INCREMENT for table `item_owners`
--
ALTER TABLE `item_owners`
  MODIFY `id` int(11) NOT NULL AUTO_INCREMENT, AUTO_INCREMENT=6;

--
-- AUTO_INCREMENT for table `locations`
--
ALTER TABLE `locations`
  MODIFY `id` int(11) NOT NULL AUTO_INCREMENT, AUTO_INCREMENT=3;

--
-- AUTO_INCREMENT for table `owner_monthly_settlements`
--
ALTER TABLE `owner_monthly_settlements`
  MODIFY `id` int(11) NOT NULL AUTO_INCREMENT;

--
-- AUTO_INCREMENT for table `owner_withdrawals`
--
ALTER TABLE `owner_withdrawals`
  MODIFY `id` int(11) NOT NULL AUTO_INCREMENT;

--
-- AUTO_INCREMENT for table `products`
--
ALTER TABLE `products`
  MODIFY `id` int(11) NOT NULL AUTO_INCREMENT, AUTO_INCREMENT=75;

--
-- AUTO_INCREMENT for table `roles`
--
ALTER TABLE `roles`
  MODIFY `role_id` int(11) NOT NULL AUTO_INCREMENT, AUTO_INCREMENT=5;

--
-- AUTO_INCREMENT for table `users`
--
ALTER TABLE `users`
  MODIFY `id` int(11) NOT NULL AUTO_INCREMENT, AUTO_INCREMENT=10;

--
-- AUTO_INCREMENT for table `yencha_ingredients`
--
ALTER TABLE `yencha_ingredients`
  MODIFY `id` int(11) NOT NULL AUTO_INCREMENT, AUTO_INCREMENT=54;

--
-- AUTO_INCREMENT for table `yencha_menus`
--
ALTER TABLE `yencha_menus`
  MODIFY `id` int(11) NOT NULL AUTO_INCREMENT;

--
-- AUTO_INCREMENT for table `yencha_recipes`
--
ALTER TABLE `yencha_recipes`
  MODIFY `id` int(11) NOT NULL AUTO_INCREMENT;

--
-- AUTO_INCREMENT for table `yencha_stock_log`
--
ALTER TABLE `yencha_stock_log`
  MODIFY `id` int(11) NOT NULL AUTO_INCREMENT, AUTO_INCREMENT=423;

--
-- Constraints for dumped tables
--

--
-- Constraints for table `daily_expenses`
--
ALTER TABLE `daily_expenses`
  ADD CONSTRAINT `daily_expenses_ibfk_1` FOREIGN KEY (`daily_reconciliation_id`) REFERENCES `daily_reconciliations` (`id`) ON DELETE CASCADE;

--
-- Constraints for table `daily_stock_counts`
--
ALTER TABLE `daily_stock_counts`
  ADD CONSTRAINT `daily_stock_counts_ibfk_1` FOREIGN KEY (`daily_reconciliation_id`) REFERENCES `daily_reconciliations` (`id`) ON DELETE CASCADE,
  ADD CONSTRAINT `daily_stock_counts_ibfk_2` FOREIGN KEY (`product_id`) REFERENCES `products` (`id`) ON DELETE CASCADE;

--
-- Constraints for table `owner_monthly_settlements`
--
ALTER TABLE `owner_monthly_settlements`
  ADD CONSTRAINT `owner_monthly_settlements_ibfk_1` FOREIGN KEY (`owner_id`) REFERENCES `item_owners` (`id`) ON DELETE CASCADE;

--
-- Constraints for table `owner_withdrawals`
--
ALTER TABLE `owner_withdrawals`
  ADD CONSTRAINT `owner_withdrawals_ibfk_1` FOREIGN KEY (`owner_id`) REFERENCES `item_owners` (`id`) ON DELETE CASCADE;

--
-- Constraints for table `products`
--
ALTER TABLE `products`
  ADD CONSTRAINT `products_ibfk_1` FOREIGN KEY (`owner_id`) REFERENCES `item_owners` (`id`) ON DELETE SET NULL;

--
-- Constraints for table `users`
--
ALTER TABLE `users`
  ADD CONSTRAINT `fk_user_role` FOREIGN KEY (`role_id`) REFERENCES `roles` (`role_id`) ON DELETE CASCADE ON UPDATE CASCADE;

--
-- Constraints for table `yencha_recipes`
--
ALTER TABLE `yencha_recipes`
  ADD CONSTRAINT `yencha_recipes_ibfk_1` FOREIGN KEY (`menu_id`) REFERENCES `yencha_menus` (`id`) ON DELETE CASCADE,
  ADD CONSTRAINT `yencha_recipes_ibfk_2` FOREIGN KEY (`ingredient_id`) REFERENCES `yencha_ingredients` (`id`) ON DELETE CASCADE;

--
-- Constraints for table `yencha_stock_log`
--
ALTER TABLE `yencha_stock_log`
  ADD CONSTRAINT `yencha_stock_log_ibfk_1` FOREIGN KEY (`ingredient_id`) REFERENCES `yencha_ingredients` (`id`);
COMMIT;

/*!40101 SET CHARACTER_SET_CLIENT=@OLD_CHARACTER_SET_CLIENT */;
/*!40101 SET CHARACTER_SET_RESULTS=@OLD_CHARACTER_SET_RESULTS */;
/*!40101 SET COLLATION_CONNECTION=@OLD_COLLATION_CONNECTION */;
